bean_id,acidity,body,sweetness,bitterness,aroma,flavor,aftertaste,total_score,roast_level,flavor_tags
1,8,8,7,3,9,9,8,92,LIGHT,"[80103, 80401, 90101, 70103, 70201]"
2,9,9,7,3,9,9,9,95,LIGHT,"[10402, 80103, 20105, 10101, 70202]"
3,8,9,7,3,8,8,7,90,LIGHT,"[70201, 70101, 80103]"
4,9,8,7,2,9,9,8,93,LIGHT,"[10403, 80104, 20105, 70103, 90201]"
5,8,8,7,2,8,9,8,91,LIGHT,"[10403, 80102, 20105, 60304, 10202]"
6,8,9,7,4,8,9,8,92,LIGHT,"[70201, 70202, 902, 80103]"
7,9,9,6,3,9,9,8,94,LIGHT,"[10402, 10403, 20105, 70102, 70201]"
8,9,9,6,3,9,9,9,95,LIGHT,"[10401, 20105, 90202, 70201]"
9,9,8,7,3,8,9,7,91,LIGHT,"[10304, 80103, 40104, 20105, 70201, 90202]"
10,8,9,6,3,8,9,8,92,LIGHT,"[10404, 20105, 70103, 70201, 10302]"
11,8,8,7,4,8,9,8,91,LIGHT,"[902, 80104, 40201, 70201, 701]"
12,8,9,7,2,9,9,8,93,LIGHT,"[80104, 20105, 90201, 70103]"
13,8,8,7,3,8,8,8,90,LIGHT,"[10308, 80104, 401, 70202, 701]"
14,8,9,6,3,8,9,7,91,LIGHT,"[70201, 902, 70103]"
15,9,9,6,3,9,9,8,94,LIGHT,"[90202, 20105, 10101, 10103, 70202]"
16,8,8,6,6,8,9,8,91,MEDIUM,"[10307, 80103, 40104, 70102, 70202]"
17,8,8,7,3,9,9,8,92,LIGHT,"[80103, 70201, 50101, 70103, 90201]"
18,9,9,8,3,9,9,8,94,LIGHT,"[10304, 20101, 80103, 80104, 70202]"
19,9,9,6,2,9,9,8,94,LIGHT,"[20103, 40104, 20105, 90203, 10302]"
20,8,9,7,3,9,9,8,93,LIGHT,"[80103, 20105, 20203, 60301, 70201]"
21,9,9,7,3,9,9,8,94,LIGHT,"[10402, 80104, 20105, 70201, 10302]"
22,8,8,6,2,9,9,8,92,LIGHT,"[10308, 20101, 20105, 90201, 702]"
23,8,8,5,7,8,9,8,91,MEDIUM,"[40104, 70103, 10201, 70202, 50303]"
24,9,9,6,3,9,10,9,96,LIGHT,"[10401, 20105, 70201, 70102, 90201]"
25,9,9,6,2,9,9,8,94,LIGHT,"[20105, 60302, 10104, 90201, 10202]"
26,9,8,6,3,9,9,8,93,LIGHT,"[40104, 20105, 70103, 70201, 90203]"
27,9,9,6,3,9,9,8,94,LIGHT,"[10401, 10402, 10404, 40108, 70201]"
28,9,9,6,2,9,9,9,95,LIGHT,"[20101, 20105, 80401, 10102, 10201]"
29,9,9,6,2,9,9,8,94,LIGHT,"[20201, 20105, 10103, 90201, 10302]"
30,8,8,6,3,8,8,8,90,LIGHT,"[90201, 10202, 70101, 70201]"
31,9,9,6,2,9,9,9,95,LIGHT,"[30305, 10403, 20105, 10102, 90201]"
32,9,9,6,3,9,9,9,95,LIGHT,"[10305, 10401, 20105, 20201, 70201]"
33,8,9,7,3,9,9,8,93,LIGHT,"[80101, 20105, 70201, 10202, 90203]"
34,8,8,6,7,9,9,7,91,MEDIUM,"[80102, 40104, 70202, 10302, 50303]"
35,8,9,7,3,8,9,8,92,LIGHT,"[70201, 80103, 20201, 70103]"
36,9,9,6,3,9,9,8,94,LIGHT,"[20105, 70202, 10403, 10102]"
37,8,9,8,2,9,9,8,93,LIGHT,"[20101, 80102, 80104, 20105, 70102]"
38,9,8,7,4,9,9,8,93,LIGHT,"[902, 80103, 70202, 70201, 10202]"
39,9,9,6,3,9,9,8,94,LIGHT,"[10305, 20105, 40202, 60301, 70202]"
40,8,8,7,2,9,9,8,92,LIGHT,"[10401, 10307, 80101, 70102]"
41,9,9,8,3,9,10,9,96,LIGHT,"[70201, 80103, 20201, 801]"
42,8,8,6,2,9,9,8,92,LIGHT,"[10403, 104, 20105, 10104, 90202]"
43,8,8,7,2,9,9,8,92,LIGHT,"[80104, 20201, 20203, 10301, 10303]"
44,8,9,7,3,9,9,8,93,LIGHT,"[70201, 10305, 80103, 60303]"
45,7,9,3,10,8,9,7,90,HEAVY,"[40104, 40201, 40107, 80301, 80401, 10201, 70202]"
46,8,9,7,4,9,9,8,93,LIGHT,"[10307, 40104, 80104, 60302, 70201, 70202]"
47,8,9,7,3,9,9,8,93,LIGHT,"[20105, 80103, 10101, 70201]"
48,8,9,8,2,9,9,8,93,LIGHT,"[10304, 80101, 80103, 70103, 90201]"
49,9,9,7,3,9,9,9,95,LIGHT,"[10304, 803, 20103, 20201, 20105, 70202]"
50,9,8,7,3,9,9,8,93,LIGHT,"[80104, 70201, 10102, 90201]"
51,8,8,6,3,8,9,8,91,LIGHT,"[90201, 10404, 40104, 60303, 70201]"
52,8,9,7,2,9,9,8,93,LIGHT,"[30305, 80104, 20105, 90202, 90203]"
53,8,9,7,2,9,9,8,93,LIGHT,"[30305, 20105, 80103, 10103]"
54,8,9,6,3,9,9,8,93,LIGHT,"[30305, 20105, 80401, 70202, 10202]"
55,9,8,7,3,9,9,8,93,LIGHT,"[80103, 20105, 90201, 70202, 10303]"
56,8,8,6,2,9,9,9,93,LIGHT,"[10402, 20105, 70102, 90201, 90202]"
57,8,8,6,2,8,9,7,90,LIGHT,"[40104, 20105, 10402, 10303]"
58,9,9,6,3,9,10,9,96,LIGHT,"[70201, 20105, 10303]"
59,9,8,7,3,9,9,8,93,LIGHT,"[80104, 20105, 70201, 70102, 90201]"
60,9,9,8,3,9,9,8,94,LIGHT,"[80103, 80104, 20105, 60304, 90201, 70202]"
61,8,8,9,2,9,9,8,92,LIGHT,"[801, 10402, 80101, 80104, 70102, 90102]"
62,9,9,7,4,9,9,8,94,LIGHT,"[10403, 80103, 60303, 70201, 70202]"
63,9,9,6,2,9,9,9,95,LIGHT,"[10304, 20103, 104, 20105, 10301]"
64,8,8,7,2,9,9,8,92,LIGHT,"[30305, 20105, 80103, 10303]"
65,9,9,6,3,9,9,9,95,LIGHT,"[20105, 10101, 70102, 10201, 70202]"
66,9,9,7,2,9,9,9,95,LIGHT,"[30305, 10403, 80102, 104, 90203]"
67,9,9,6,3,9,9,9,95,LIGHT,"[20105, 602, 70103, 70201, 10202]"
68,8,9,7,3,9,9,8,93,LIGHT,"[80104, 70202, 40104, 10103]"
69,9,9,6,3,9,9,9,95,LIGHT,"[10403, 20105, 20201, 70201, 10302]"
70,9,9,7,2,9,9,8,94,LIGHT,"[10304, 20105, 10403, 80101]"
71,9,9,7,3,9,9,9,95,LIGHT,"[80103, 20105, 10101, 70103, 70201]"
72,8,8,6,3,9,9,9,93,LIGHT,"[10304, 902, 20103, 20105, 70202]"
73,9,9,7,2,9,9,9,95,LIGHT,"[80104, 20201, 10101, 10104, 90203]"
74,8,9,7,3,8,9,8,92,LIGHT,"[803, 10403, 70201, 70103, 90201]"
75,9,9,7,3,9,9,8,94,LIGHT,"[30305, 80104, 20105, 70201, 90203]"
76,8,9,5,7,8,9,8,92,MEDIUM,"[40104, 40107, 10102, 70202, 50303]"
77,8,8,7,2,9,9,8,92,LIGHT,"[50401, 10306, 10404, 80103, 20105, 70102, 70103, 90201]"
78,9,8,6,2,9,9,8,93,LIGHT,"[20105, 10403, 70103]"
79,9,9,6,3,9,9,8,94,LIGHT,"[10601, 20105, 70103, 10201, 70202]"
80,9,9,6,6,9,9,8,94,MEDIUM,"[80101, 20101, 10103, 70202, 10205]"
81,8,8,7,3,9,9,8,92,LIGHT,"[80104, 20105, 70201, 90202, 10303]"
82,8,9,6,2,8,9,8,92,LIGHT,"[20105, 10402, 90202, 10101]"
83,9,9,8,3,9,9,8,94,LIGHT,"[80101, 80102, 20105, 70202, 10303]"
84,9,9,6,3,9,9,8,94,LIGHT,"[902, 20103, 20104, 70202, 10303]"
85,9,9,7,3,9,9,8,94,LIGHT,"[10402, 10403, 80102, 20105, 70201]"
86,9,8,7,2,9,9,9,94,LIGHT,"[10403, 80102, 20105, 90202, 10303]"
87,8,9,7,3,8,9,8,92,LIGHT,"[80104, 10201, 70202]"
88,9,9,6,3,9,9,9,95,LIGHT,"[10401, 10101, 70103, 70201, 90203]"
89,8,9,7,3,9,9,8,93,LIGHT,"[801, 20105, 70102, 10103, 70201]"
90,9,8,5,6,9,9,8,93,MEDIUM,"[902, 20105, 201, 70202, 10301]"
91,8,9,7,2,9,9,8,93,LIGHT,"[10401, 30305, 80103, 10101, 10201]"
92,8,8,8,3,9,9,8,92,LIGHT,"[80103, 80104, 20105, 70103, 70202]"
93,8,8,8,2,9,9,8,92,LIGHT,"[80101, 80103, 20105, 70103, 90202]"
94,9,9,6,3,9,9,8,94,LIGHT,"[10401, 20105, 70102, 70202, 90203]"
95,8,8,6,3,9,9,8,92,LIGHT,"[20105, 10404, 70201]"
96,9,9,6,3,9,9,8,94,LIGHT,"[70201, 20105, 90203, 10102]"
97,9,9,6,4,9,9,8,94,LIGHT,"[10404, 60101, 90103, 70201, 70202]"
98,8,8,6,6,8,9,8,91,MEDIUM,"[10402, 802, 20105, 70102, 70201]"
99,8,8,6,3,9,9,8,92,LIGHT,"[10401, 20105, 70202, 70103, 10202]"
100,9,9,7,2,9,9,8,94,LIGHT,"[104, 80104, 70103, 90203, 10301]"
101,9,9,6,3,9,9,9,95,LIGHT,"[10401, 20105, 10101, 70201, 90203]"
102,9,9,6,2,9,9,8,94,LIGHT,"[10304, 20101, 20105, 70103, 90201]"
103,9,9,7,3,9,9,8,94,LIGHT,"[10404, 80104, 20201, 10103, 70201]"
104,9,8,7,3,9,9,8,93,LIGHT,"[10104, 70201, 10403, 80103]"
105,8,9,8,3,8,8,8,91,LIGHT,"[80104, 70201, 70102, 80103]"
106,8,9,6,3,9,9,8,93,LIGHT,"[10402, 902, 20105, 70103, 70201]"
107,8,8,7,3,8,8,8,90,LIGHT,"[801, 70102, 10104, 70201, 90203]"
108,8,9,8,3,9,9,8,93,LIGHT,"[80104, 70202, 40104, 80103]"
109,8,9,7,3,9,9,8,93,LIGHT,"[10402, 20101, 80104, 20105, 70201]"
110,9,8,6,3,9,9,8,93,LIGHT,"[10403, 20105, 10103, 70103, 70201]"
111,8,9,6,3,9,9,8,93,LIGHT,"[90201, 70202, 70103, 10202]"
112,8,8,6,3,9,9,8,92,LIGHT,"[30305, 10402, 70202, 70103, 10202]"
113,8,8,7,3,9,9,8,92,LIGHT,"[80103, 70201, 70102, 90201, 10201]"
114,9,8,8,3,9,9,8,93,LIGHT,"[80101, 80103, 60302, 70101, 70201]"
115,9,9,6,3,9,9,9,95,LIGHT,"[10401, 10402, 70201, 10201, 90202]"
116,8,8,6,5,8,9,8,91,MEDIUM,"[80104, 10201, 20105, 70102]"
117,9,8,6,3,9,9,8,93,LIGHT,"[20105, 301, 10101, 70201, 90203]"
118,9,9,7,2,9,9,8,94,LIGHT,"[80103, 20203, 70103, 10104, 90201]"
119,8,9,6,3,9,9,8,93,LIGHT,"[20105, 90202, 10403, 502]"
120,8,8,6,6,9,9,8,92,MEDIUM,"[801, 20105, 70102, 70201, 90202]"
121,9,9,6,3,9,9,9,95,LIGHT,"[20105, 70103, 70202, 10303]"
122,9,9,7,3,9,9,8,94,LIGHT,"[10402, 80104, 70201, 10202, 90203]"
123,8,9,6,3,9,8,7,91,LIGHT,"[20101, 40102, 20105, 40202, 70102, 70201]"
124,9,8,7,3,9,9,8,93,LIGHT,"[10401, 80104, 20105, 70102, 70201]"
125,9,9,7,2,9,9,8,94,LIGHT,"[30305, 10403, 80102, 20105, 10104]"
126,9,8,6,2,9,9,8,93,LIGHT,"[10402, 20105, 60303, 90201, 10303]"
127,9,8,8,2,9,9,8,93,LIGHT,"[801, 10403, 80101, 10101, 70103]"
128,9,8,7,2,9,9,8,93,LIGHT,"[10308, 80102, 20105, 90202, 702]"
129,9,9,7,3,9,9,8,94,LIGHT,"[80101, 10408, 20105, 70103, 70201]"
130,8,8,7,3,8,8,8,90,LIGHT,"[10305, 20101, 80102, 20105, 70202]"
131,9,8,6,2,9,9,8,93,LIGHT,"[10403, 40104, 20105, 70103, 10202]"
132,8,9,7,3,9,8,7,91,LIGHT,"[10402, 80103, 70102, 70201, 90202]"
133,8,8,6,2,9,9,8,92,LIGHT,"[10401, 20101, 40104, 70101, 90202]"
134,8,8,6,2,8,9,8,91,LIGHT,"[30305, 10403, 20105, 70101, 70102]"
135,8,8,7,3,9,9,7,91,LIGHT,"[10402, 80104, 20105, 70101, 70201]"
136,9,9,7,3,9,9,9,95,LIGHT,"[70201, 20105, 80103, 10303]"
137,9,8,7,3,9,9,8,93,LIGHT,"[10401, 10307, 80104, 70201, 90201]"
138,8,8,7,3,9,9,8,92,LIGHT,"[804, 902, 20203, 10104, 70202]"
139,8,8,7,2,9,9,8,92,LIGHT,"[20101, 80103]"
140,9,9,6,3,9,9,8,94,LIGHT,"[10402, 10403, 70101, 10102, 70202]"
141,8,8,7,3,9,9,8,92,LIGHT,"[80102, 70102, 70201, 90203, 10302]"
142,8,9,6,3,9,9,8,93,LIGHT,"[10402, 20103, 20104, 20105, 70202]"
143,9,9,6,6,9,9,9,95,MEDIUM,"[80102, 40104, 20105, 10103, 70202]"
144,9,9,8,2,9,10,9,96,LIGHT,"[80103, 80104, 20105, 70102, 10102]"
145,8,9,7,3,9,9,8,93,LIGHT,"[80104, 70201, 10401, 70102]"
146,9,9,7,2,9,9,9,95,LIGHT,"[80104, 40104, 90203, 10102]"
147,9,9,6,4,9,10,9,96,LIGHT,"[10402, 10403, 20105, 70201, 90201, 70202]"
148,8,9,7,4,9,9,8,93,LIGHT,"[20101, 80103, 20104, 501, 70202]"
149,9,8,6,3,9,9,8,93,LIGHT,"[80201, 20105, 201, 70201, 90201, 90202]"
150,8,9,6,2,9,9,7,92,LIGHT,"[20105, 201, 60301, 70103, 10201]"
151,8,8,7,2,8,9,8,91,LIGHT,"[10401, 10202, 10403, 80103]"
152,9,9,7,3,9,9,8,94,LIGHT,"[10401, 80103, 20201, 20203, 70201]"
153,8,8,7,3,8,9,7,90,LIGHT,"[60303, 70201, 104, 80103]"
154,9,9,7,3,9,9,9,95,LIGHT,"[80104, 20105, 60301, 70201, 90201]"
155,8,8,6,6,9,9,8,92,MEDIUM,"[10202, 80102, 40104, 10201, 70202]"
156,9,9,6,3,9,9,9,95,LIGHT,"[40104, 20105, 10101, 70201]"
157,9,9,6,3,9,9,8,94,LIGHT,"[10402, 40104, 70202, 90201, 90202]"
158,8,8,6,3,8,8,8,90,LIGHT,"[40104, 70102, 70201, 90202, 10201]"
159,9,8,7,2,9,9,8,93,LIGHT,"[20105, 90202, 10101, 80103]"
160,9,10,6,2,9,10,8,96,LIGHT,"[10305, 10402, 20101, 20105, 60301, 10201, 90202]"
161,7,7,3,10,8,8,7,87,HEAVY,"[10202, 70202, 70102, 50303]"
162,9,9,7,3,9,9,8,94,LIGHT,"[10402, 10403, 80101, 20201, 70202]"
163,8,9,7,3,9,9,8,93,LIGHT,"[80102, 20105, 10102, 70201, 90203]"
164,9,9,7,3,9,9,8,94,LIGHT,"[70201, 20105, 10307, 80102]"
165,8,8,5,7,8,9,7,90,MEDIUM,"[10402, 20103, 70202, 70201, 10202]"
166,9,9,6,3,9,9,8,94,LIGHT,"[10402, 40104, 60304, 10101, 70202]"
167,9,8,7,2,9,9,8,93,LIGHT,"[20105, 10202, 90202, 80102]"
168,9,9,6,3,9,9,9,94,LIGHT,"[20105, 20203, 10101, 70103, 70201]"
169,9,8,5,6,9,9,8,93,MEDIUM,"[90201, 10402, 20101, 20105, 70103, 70201]"
170,9,8,6,3,9,9,8,93,LIGHT,"[10403, 20105, 10102, 70103, 70201, 10201]"
171,9,9,6,3,9,9,9,95,LIGHT,"[10403, 20105, 10104, 70201, 90202]"
172,9,9,7,2,9,9,9,95,LIGHT,"[10403, 80102, 20105, 70103, 90202]"
173,8,8,7,3,9,9,8,92,LIGHT,"[10403, 40104, 80104, 10101, 70201]"
174,9,9,7,3,9,9,8,94,LIGHT,"[10402, 10403, 80103, 10104, 70202]"
175,9,9,6,2,9,9,8,94,LIGHT,"[10305, 10401, 20203]"
176,8,8,6,3,9,9,8,92,LIGHT,"[10402, 20105, 70201, 10101, 90201]"
177,9,9,7,3,9,9,9,95,LIGHT,"[80104, 20105, 70102, 10103, 70201]"
178,9,9,7,2,9,9,8,94,LIGHT,"[20105, 10101, 70102, 80103]"
179,9,9,7,2,9,9,8,94,LIGHT,"[10402, 10307, 80103, 40104, 20106]"
180,9,9,7,2,9,9,8,94,LIGHT,"[10402, 802, 901, 90201, 602]"
181,9,8,6,3,9,9,8,93,LIGHT,"[10402, 10403, 20105, 70201, 90203]"
182,9,8,6,3,9,9,9,94,LIGHT,"[20105, 70202, 10401, 10303]"
183,9,9,6,3,9,9,8,94,LIGHT,"[10404, 20105, 201, 10101, 10103, 70202]"
184,9,9,6,3,9,9,9,95,LIGHT,"[20201, 70201, 10101, 10201, 90203]"
185,9,9,7,3,9,9,8,94,LIGHT,"[101, 80103, 40107, 90103, 501, 70103]"
186,8,9,5,9,8,9,8,92,HEAVY,"[80103, 80104, 60303, 70102, 70202]"
187,8,9,7,3,9,9,8,93,LIGHT,"[70201, 10202, 80103, 60303]"
188,8,9,6,3,9,9,8,93,LIGHT,"[20105, 70202, 40202, 10302]"
189,9,9,6,3,9,9,8,94,LIGHT,"[10401, 20105, 20106, 70202, 10303]"
190,9,8,7,3,9,9,8,93,LIGHT,"[10402, 80104, 20105, 70201, 10303]"
191,9,9,6,3,9,9,8,94,LIGHT,"[20105, 10101, 70103, 70201, 90202]"
192,8,8,6,6,9,9,8,92,MEDIUM,"[20101, 80103, 10101, 70201, 90203]"
193,8,8,6,3,9,9,8,92,LIGHT,"[10402, 20105, 40107, 70201, 602]"
194,8,9,7,2,9,9,8,93,LIGHT,"[10404, 80101, 20105, 60304, 10103, 10201]"
195,9,9,6,3,9,10,9,96,LIGHT,"[20101, 20203, 70103, 70201, 90203]"
196,9,9,6,3,9,9,9,95,LIGHT,"[10403, 20101, 20105, 70201, 10202]"
197,9,9,6,3,9,9,8,94,LIGHT,"[10401, 201, 20105, 70202, 90203]"
198,8,9,7,2,8,8,8,91,LIGHT,"[10305, 80103, 20105, 60301, 70103]"
199,9,9,6,3,9,9,8,94,LIGHT,"[10404, 20105, 70103, 70201, 90202]"
200,8,9,6,3,9,9,8,93,LIGHT,"[30305, 10305, 10403, 20203, 70201]"
201,9,9,7,3,9,9,8,94,LIGHT,"[10403, 80104, 20105, 70201, 90201]"
202,9,8,6,3,9,9,8,93,LIGHT,"[10404, 20105, 70201, 10202, 90203]"
203,8,9,7,3,9,9,7,92,LIGHT,"[80103, 40104, 20106, 70103, 70201, 10201]"
204,9,8,7,2,9,9,8,93,LIGHT,"[10402, 80101, 901, 10202, 90203]"
205,9,9,6,3,9,9,8,94,LIGHT,"[10402, 20105, 90201, 70202, 10302]"
206,9,8,8,3,9,9,8,93,LIGHT,"[40201, 80101, 10302, 80103]"
207,8,9,6,3,9,9,8,93,LIGHT,"[20105, 10102, 70103, 70202, 90203]"
208,7,8,6,3,8,8,7,88,LIGHT,"[40104, 10201, 70101, 70201]"
209,8,9,6,3,9,9,8,93,LIGHT,"[10201, 70202, 70101, 70102]"
210,8,9,6,3,9,9,8,93,LIGHT,"[20105, 10402, 30305, 70202]"
211,8,9,5,6,8,9,8,92,MEDIUM,"[40104, 10401, 70202, 60101]"
212,8,9,8,2,9,9,8,93,LIGHT,"[80101, 80102, 20105, 10202, 701]"
213,9,8,6,2,9,9,8,93,LIGHT,"[90202, 20203, 702, 10103]"
214,9,9,7,3,9,9,8,94,LIGHT,"[80103, 20105, 60301, 10101, 70201]"
215,8,9,6,3,9,9,9,94,LIGHT,"[901, 20105, 70103, 90201, 70202]"
216,9,9,6,3,8,9,8,93,LIGHT,"[90201, 20105, 70102, 70201]"
217,9,9,6,3,9,9,8,94,LIGHT,"[10402, 20101, 20105, 10101, 70201]"
218,9,8,6,4,9,9,8,93,LIGHT,"[10402, 90202, 20105, 70201, 70202]"
219,8,9,6,4,9,9,8,93,LIGHT,"[10401, 10402, 10404, 70201, 70202]"
220,8,9,7,3,9,9,8,93,LIGHT,"[10403, 80104, 20105, 10102, 70201]"
221,8,8,7,3,9,9,8,92,LIGHT,"[10307, 10404, 80104, 70101, 70201]"
222,9,9,7,3,9,9,8,94,LIGHT,"[10401, 80103, 20105, 70201, 10302]"
223,8,9,6,6,9,9,8,93,MEDIUM,"[10305, 80103, 20105, 70103, 70202]"
224,8,9,7,3,8,9,8,92,LIGHT,"[10402, 80104, 70201, 70103, 90201]"
225,9,9,6,3,9,9,9,95,LIGHT,"[10402, 10102, 70103, 70201, 90203]"
226,9,9,7,2,9,9,8,94,LIGHT,"[10402, 80103, 20105, 90201, 30301]"
227,8,9,6,3,9,9,8,93,LIGHT,"[40104, 70202, 10103]"
228,9,8,8,2,9,9,8,93,LIGHT,"[10403, 80103, 80104, 20105, 10102]"
229,9,8,6,2,9,9,8,93,LIGHT,"[10402, 10101, 20101]"
230,8,9,7,3,8,9,8,92,LIGHT,"[30305, 80103, 20105, 70201, 90202]"
231,9,8,8,2,9,9,8,93,LIGHT,"[80101, 80102, 20201, 20105, 10101, 70103]"
232,9,8,7,3,9,9,8,93,LIGHT,"[20101, 80104, 70101, 70103, 70201]"
233,8,8,6,4,8,9,8,91,LIGHT,"[90202, 40104, 70201, 10201, 70202]"
234,9,8,7,2,9,9,8,93,LIGHT,"[10401, 80102, 20105, 70103, 10303]"
235,9,9,6,2,9,9,8,94,LIGHT,"[10402, 20105, 70103, 701, 702]"
236,8,8,8,2,9,9,8,92,LIGHT,"[80103, 80104, 90201, 90202, 10201]"
237,9,9,6,2,9,10,9,96,LIGHT,"[10403, 104, 20105, 90203, 702]"
238,9,9,7,2,9,10,9,96,LIGHT,"[30305, 10402, 80104, 20105, 90201]"
239,9,9,6,3,9,9,8,94,LIGHT,"[10401, 10402, 70201, 90202, 30301]"
240,9,9,7,3,9,9,8,94,LIGHT,"[80101, 20105, 201, 90201, 70202]"
241,9,9,6,3,9,9,9,95,LIGHT,"[10401, 70101, 10101, 90201, 70202]"
242,9,9,6,3,9,9,8,94,LIGHT,"[10402, 90201, 10202, 70201]"
243,8,9,7,3,9,9,8,93,LIGHT,"[30305, 10402, 80104, 70201, 90201]"
244,8,8,6,2,9,9,8,92,LIGHT,"[30305, 20105, 10101, 90201, 10201]"
245,9,9,7,3,9,9,9,95,LIGHT,"[80104, 70202, 10403, 10101]"
246,9,9,6,3,9,9,9,95,LIGHT,"[10401, 30305, 20101, 20105, 201, 70201]"
247,8,9,7,3,9,9,8,93,LIGHT,"[80104, 20105, 20202, 20203, 70202]"
248,8,8,8,2,9,9,8,92,LIGHT,"[10305, 80103, 80104, 70102, 90202]"
249,9,9,7,3,9,9,8,94,LIGHT,"[10403, 80104, 20105, 70102, 90201, 70202]"
250,8,9,6,3,9,9,8,93,LIGHT,"[90201, 20105, 70103, 70201, 10302]"
251,9,9,6,3,9,10,9,96,LIGHT,"[20105, 10102, 70103, 70201, 90203]"
252,8,9,7,2,9,9,8,93,LIGHT,"[802, 10307, 902, 40104, 20105, 70103]"
253,8,9,7,3,9,9,8,93,LIGHT,"[10401, 80104, 20105, 70201, 90202]"
254,9,9,6,3,9,9,8,94,LIGHT,"[20105, 20201, 10103, 10105, 70202]"
255,9,9,6,3,9,9,9,95,LIGHT,"[10402, 20105, 10101, 70201, 90202]"
256,9,9,6,3,9,9,8,94,LIGHT,"[90201, 70201, 20201, 10102]"
257,9,8,5,6,9,9,8,93,MEDIUM,"[10104, 20105, 30301, 70201]"
258,9,9,6,3,9,9,9,95,LIGHT,"[10401, 10403, 20105, 10104, 70201]"
259,8,8,7,2,8,9,8,91,LIGHT,"[80104, 20105, 10306, 70103]"
260,9,8,7,3,9,9,8,93,LIGHT,"[30305, 80104, 20105, 70202, 10303]"
261,9,9,7,2,9,9,8,94,LIGHT,"[10307, 80103, 20105, 90201, 90202]"
262,6,7,5,10,7,7,7,84,HEAVY,"[803, 80103, 70202, 10202, 50303]"
263,8,8,7,3,9,9,8,92,LIGHT,"[70201, 10308, 80103]"
264,8,8,7,3,9,9,8,92,LIGHT,"[10402, 10403, 10306, 80103, 70201]"
265,9,9,6,2,9,9,8,94,LIGHT,"[901, 20105, 70103, 90201, 10202]"
266,8,9,6,2,9,9,8,93,LIGHT,"[20105, 10402, 902]"
267,9,9,7,3,9,10,9,96,LIGHT,"[80103, 20105, 10101, 90201, 70202]"
268,8,8,6,3,8,9,8,91,LIGHT,"[20201, 70102, 10103, 90201, 70202]"
269,9,9,6,3,9,9,9,95,LIGHT,"[10402, 201, 20105, 70201, 10201]"
270,9,9,6,4,9,9,8,94,LIGHT,"[90201, 20105, 70202, 70103, 70201, 90202]"
271,8,8,7,3,9,9,8,92,LIGHT,"[901, 80104, 20105, 20201, 10104, 70201]"
272,9,9,7,3,9,9,8,94,LIGHT,"[80104, 20105, 104, 20203, 70202, 10301]"
273,8,9,5,7,9,9,9,94,MEDIUM,"[40201, 40107, 501, 70201, 10202, 50303]"
274,8,8,7,2,9,9,8,92,LIGHT,"[10403, 80103, 20105, 201, 10202]"
275,8,9,6,6,9,9,8,93,MEDIUM,"[70202, 90202, 70102, 80103]"
276,9,9,7,2,9,10,8,95,LIGHT,"[80104, 20105, 10302, 90201]"
277,7,8,5,6,8,8,7,88,MEDIUM,"[70201, 70102]"
278,9,9,7,2,9,9,8,94,LIGHT,"[10402, 80101, 20105, 70103, 90201]"
279,8,9,7,2,9,9,8,93,LIGHT,"[10403, 80104, 20105, 60301, 10301]"
280,8,9,8,2,9,9,7,92,LIGHT,"[80101, 80102, 40104, 20105, 10302]"
281,8,9,6,3,9,9,8,93,LIGHT,"[70201, 10306, 20105, 70103]"
282,9,9,6,3,9,9,8,94,LIGHT,"[10401, 20203, 40107, 502]"
283,8,8,7,2,9,9,8,92,LIGHT,"[801, 10202, 70102, 902]"
284,8,9,7,3,9,9,8,93,LIGHT,"[80104, 20201, 20203, 10104, 70202]"
285,8,9,8,3,9,9,8,93,LIGHT,"[10302, 70201, 80102, 80103]"
286,8,8,6,3,9,9,8,92,LIGHT,"[40104, 20105, 70201, 10202, 90203]"
287,9,8,8,2,9,9,8,93,LIGHT,"[80101, 80102, 20105, 90201, 10202]"
288,9,8,6,2,9,9,8,93,LIGHT,"[10304, 20105, 20101, 70103]"
289,9,9,7,2,9,9,9,95,LIGHT,"[10402, 20101, 80104, 20105, 90201]"
290,9,8,6,4,9,9,8,93,LIGHT,"[902, 601, 70101, 70103, 70201, 70202]"
291,8,9,7,3,8,9,8,92,LIGHT,"[30305, 801, 10403, 20105, 70201]"
292,9,8,6,2,9,9,8,93,LIGHT,"[10403, 20105, 20201, 60304, 10302]"
293,9,9,7,2,9,9,9,95,LIGHT,"[10402, 80104, 10101, 70103, 90201]"
294,9,9,6,3,9,9,8,94,LIGHT,"[10401, 30305, 10403, 20105, 70201, 10302]"
295,9,9,6,3,9,9,9,95,LIGHT,"[20105, 10103, 70103, 70201, 10201]"
296,9,8,8,2,9,9,8,93,LIGHT,"[10104, 80101, 80102, 10102]"
297,8,9,7,3,9,9,9,94,LIGHT,"[10104, 20105, 80104, 70201]"
298,9,9,7,4,9,9,9,95,LIGHT,"[10401, 10402, 80104, 40201, 20105, 70201, 10201]"
299,9,9,8,3,9,9,8,94,LIGHT,"[10402, 802, 80103, 20201, 70202]"
300,9,9,7,2,9,9,8,94,LIGHT,"[901, 80102, 20105, 10102, 70103]"
301,9,8,6,3,9,9,8,93,LIGHT,"[70201, 10401, 10102, 70103]"
302,8,9,6,3,9,9,8,93,LIGHT,"[20101, 20203, 10103, 70202, 90203]"
303,9,9,8,2,9,9,8,94,LIGHT,"[80101, 80103, 20105, 10102, 70103]"
304,9,8,7,3,9,9,8,93,LIGHT,"[80104, 20105, 10101, 70201]"
305,8,9,6,3,9,9,8,93,LIGHT,"[20105, 70102, 10104, 70201, 90202]"
306,9,9,7,3,9,9,8,94,LIGHT,"[80104, 20105, 70201, 90202, 10302]"
307,8,9,7,3,9,9,8,93,LIGHT,"[10403, 80104, 70102, 70201, 10303]"
308,9,9,6,3,9,9,8,94,LIGHT,"[10402, 20105, 70201, 70301, 10302]"
309,9,8,7,2,9,9,8,93,LIGHT,"[10401, 80104, 10202, 701, 702]"
310,9,9,6,3,9,9,8,94,LIGHT,"[10402, 201, 60304, 10201, 70202]"
311,9,9,7,2,9,9,8,94,LIGHT,"[10404, 80104, 20105, 10101, 90203]"
312,9,9,7,3,9,9,8,94,LIGHT,"[80102, 20105, 70103, 70201, 90203]"
313,9,9,6,2,9,9,9,95,LIGHT,"[10401, 106, 20106, 70103, 10301]"
314,8,9,6,3,9,9,8,93,LIGHT,"[20105, 10101, 70103, 70201, 90203]"
315,9,8,6,2,9,9,8,93,LIGHT,"[10304, 20105, 70103, 10104, 90201]"
316,9,8,6,2,9,9,8,93,LIGHT,"[10401, 40104, 20105, 10102, 90203]"
317,8,8,6,6,9,9,7,91,MEDIUM,"[10403, 80101, 20105, 70201, 90202]"
318,8,9,6,3,10,10,9,96,LIGHT,"[20103, 20105, 60304, 10103, 10104, 70202]"
319,8,9,7,2,9,8,8,92,LIGHT,"[10402, 80103, 20105, 70101, 90203]"
320,9,9,8,2,9,9,8,94,LIGHT,"[601, 20105, 80101, 80103]"
321,9,9,6,2,10,10,9,97,LIGHT,"[10404, 20105, 10102, 90201, 90202]"
322,7,8,8,4,8,8,7,88,LIGHT,"[804, 80103, 70102, 70201, 70202]"
323,8,8,7,3,8,8,8,90,LIGHT,"[10307, 902, 80103, 60302, 70202]"
324,8,8,6,3,9,9,8,92,LIGHT,"[40104, 70201, 10302, 70103]"
325,8,8,8,3,9,9,8,92,LIGHT,"[801, 80101, 20105, 70201, 10303]"
326,8,9,6,2,8,9,8,92,LIGHT,"[10402, 20105, 70101, 70102, 90201]"
327,9,9,6,3,9,9,8,94,LIGHT,"[10307, 10403, 40104, 20105, 70201, 90201]"
328,8,8,8,3,9,9,8,92,LIGHT,"[801, 803, 10308, 70102, 70201]"
329,8,9,7,4,9,9,7,92,LIGHT,"[80101, 60303, 70102, 70201, 70202]"
330,9,9,6,3,9,9,9,95,LIGHT,"[20105, 70201, 70102, 10102, 90201]"
331,8,9,6,3,9,9,8,93,LIGHT,"[10104, 10401, 90203, 70201]"
332,9,9,6,3,10,10,8,96,LIGHT,"[10402, 20105, 70202, 10101, 90202]"
333,8,9,6,3,9,9,8,93,LIGHT,"[70202, 902, 10102]"
334,8,8,6,4,9,9,8,92,LIGHT,"[40107, 60302, 70102, 70202, 50303]"
335,9,8,7,3,9,9,8,93,LIGHT,"[10305, 70202, 80102, 20105]"
336,9,9,5,5,9,9,9,95,MEDIUM,"[10401, 40104, 20105, 20203, 90201]"
337,8,8,8,3,9,9,8,92,LIGHT,"[80101, 80102, 20105, 70102, 70202]"
338,9,9,7,3,9,9,8,94,LIGHT,"[70201, 90202, 80101]"
339,9,8,7,2,9,9,8,93,LIGHT,"[80104, 10305, 20105, 70101]"
340,8,9,6,6,9,9,8,93,MEDIUM,"[80101, 40107, 60301, 60303, 70101, 70202]"
341,8,8,7,3,9,9,8,92,LIGHT,"[70201, 10201, 80101, 60303]"
342,8,9,8,2,9,9,8,93,LIGHT,"[80103, 80104, 20105, 70102, 10202]"
343,8,8,7,3,9,9,8,92,LIGHT,"[30305, 10403, 80102, 20105, 70201]"
344,9,8,6,3,9,9,8,93,LIGHT,"[10404, 20105, 70102, 70201, 10302]"
345,9,9,6,3,9,9,8,94,LIGHT,"[20105, 70102, 10104, 70201, 90203]"
346,9,9,6,2,9,9,9,95,LIGHT,"[20105, 90202, 60301, 10102]"
347,8,9,6,5,9,9,8,93,MEDIUM,"[80102, 10103, 70103, 90201, 10301]"
348,8,9,6,3,9,9,9,94,LIGHT,"[10402, 30305, 10202, 70202]"
349,9,8,6,2,9,9,8,93,LIGHT,"[90201, 10401, 20201, 70103]"
350,8,8,7,3,8,9,8,91,LIGHT,"[40104, 80104, 10101, 10102, 70201]"
351,9,8,6,6,9,10,9,95,MEDIUM,"[10305, 10402, 80104, 20105, 90201, 70202]"
352,8,8,7,3,8,8,8,90,LIGHT,"[40104, 70201, 10302, 801]"
353,7,8,7,3,8,8,7,88,LIGHT,"[10201, 70202, 70101, 80103]"
354,9,9,6,6,9,9,9,95,MEDIUM,"[80103, 20105, 70103, 70201, 90202]"
355,9,9,6,3,9,9,8,94,LIGHT,"[90202, 20201, 10101, 10201, 70202]"
356,9,9,6,2,9,9,9,95,LIGHT,"[104, 20105, 10101, 70103, 90203]"
357,9,9,8,3,9,10,8,95,LIGHT,"[10307, 80101, 80102, 90201, 70202]"
358,9,8,7,2,9,9,8,93,LIGHT,"[10402, 803, 20105, 70103, 702]"
359,8,9,7,2,9,9,8,93,LIGHT,"[80104, 10401, 70103, 10303]"
360,8,9,6,3,9,9,8,93,LIGHT,"[10401, 10402, 20105, 70201, 90202]"
361,8,8,7,5,9,9,8,92,MEDIUM,"[10305, 80101, 80102, 70102, 90201]"
362,9,9,7,2,10,9,8,95,LIGHT,"[10304, 80104, 20201, 40202, 40108]"
363,9,9,6,4,9,9,9,95,LIGHT,"[10402, 90202, 70201, 90201, 70202]"
364,9,9,6,2,9,9,8,94,LIGHT,"[20105, 20203, 10104, 10201, 702]"
365,9,9,6,3,9,9,8,94,LIGHT,"[20105, 20202, 70102, 10104, 70201]"
366,9,9,6,3,9,10,9,96,LIGHT,"[10403, 20105, 70103, 70201, 10202, 90203]"
367,9,9,6,3,8,9,8,93,LIGHT,"[904, 70201, 10306, 70101]"
368,7,8,4,9,8,9,7,89,HEAVY,"[80104, 20106, 90201, 70202, 701]"
369,8,9,6,3,9,9,8,93,LIGHT,"[40104, 20105, 10101, 10103, 70202]"
370,8,9,6,3,9,9,8,93,LIGHT,"[80201, 20105, 10101, 90201, 70202]"
371,8,9,8,3,9,9,8,93,LIGHT,"[80101, 80103, 10102, 70201, 90203]"
372,9,8,6,3,9,9,8,93,LIGHT,"[10404, 10201, 70202, 90203, 701]"
373,9,8,8,2,9,9,8,93,LIGHT,"[80101, 80102, 20105, 10102, 70103]"
374,9,9,6,3,9,9,9,95,LIGHT,"[104, 20105, 10000, 70201, 90203]"
375,9,8,6,3,9,9,8,93,LIGHT,"[10403, 902, 20105, 70201, 10303]"
376,9,9,6,3,8,9,8,93,LIGHT,"[30305, 20105, 70201, 90201, 10302]"
377,9,8,7,2,8,9,8,92,LIGHT,"[802, 20101, 20105, 70103, 10302]"
378,9,8,7,3,9,9,8,93,LIGHT,"[804, 20105, 70103, 90201, 70202]"
379,8,9,6,6,8,9,7,91,MEDIUM,"[80104, 70201, 90202, 70103]"
380,9,9,6,3,9,9,8,94,LIGHT,"[10305, 20103, 80201, 70201, 701]"
381,9,9,7,3,9,9,8,94,LIGHT,"[40104, 70202, 80102, 10102]"
382,8,8,8,3,8,8,8,90,LIGHT,"[80103, 80104, 20105, 70201, 70102, 10201]"
383,8,9,6,4,9,9,8,93,LIGHT,"[10402, 10404, 70201, 90201, 70202]"
384,8,9,7,3,9,9,8,93,LIGHT,"[902, 80103, 20105, 70201, 10202]"
385,8,8,7,2,9,9,8,92,LIGHT,"[80104, 10401, 20105, 10201]"
386,8,9,8,3,9,9,8,93,LIGHT,"[70201, 802, 10202, 80103]"
387,9,9,6,3,9,10,9,96,LIGHT,"[10403, 20105, 70201, 90201, 90202]"
388,9,9,6,3,9,9,8,94,LIGHT,"[20105, 70202, 30301, 90302, 10303]"
389,9,8,7,2,8,9,8,92,LIGHT,"[80103, 104, 20105, 70103, 90201]"
390,8,8,6,6,8,8,8,90,MEDIUM,"[10402, 80103, 40104, 70101, 70201]"
391,9,8,7,3,9,9,8,93,LIGHT,"[10402, 80102, 20105, 70102, 70202]"
392,9,8,8,3,9,9,8,93,LIGHT,"[80101, 80102, 70102, 10201, 70202]"
393,8,9,8,2,9,9,8,93,LIGHT,"[80101, 80102, 70102, 70103, 10201]"
394,9,9,7,2,9,9,8,94,LIGHT,"[10401, 20105, 90203, 80103]"
395,8,9,6,2,9,9,8,93,LIGHT,"[10306, 10403, 40301, 70103, 90201]"
396,8,9,7,3,9,9,8,93,LIGHT,"[90201, 10402, 80101, 20105, 70201, 10201]"
397,9,9,7,3,9,10,8,95,LIGHT,"[10402, 80104, 20105, 70103, 70202]"
398,8,8,6,3,9,9,7,91,LIGHT,"[30305, 10404, 20101, 20105, 70201]"
399,9,8,7,2,9,10,9,95,LIGHT,"[10402, 10403, 902, 80102, 70103]"
400,9,9,7,3,9,9,8,94,LIGHT,"[90202, 80103, 80301, 10102, 70202]"
401,9,9,7,3,9,9,8,94,LIGHT,"[70201, 20105, 80103, 10103]"
402,8,9,7,3,9,9,8,93,LIGHT,"[60303, 70201, 10102, 80103]"
403,9,9,7,3,9,9,8,94,LIGHT,"[10307, 902, 80103, 20105, 70202]"
404,9,9,6,4,9,9,8,94,LIGHT,"[90201, 10402, 70103, 70201, 70202]"
405,8,8,8,3,9,9,8,92,LIGHT,"[10308, 80102, 80104, 70103, 70201]"
406,9,9,6,3,9,10,9,96,LIGHT,"[20105, 20201, 10101, 10201, 70202, 90203]"
407,8,9,7,3,9,9,8,93,LIGHT,"[10305, 20101, 80104, 70101, 70201]"
408,8,8,6,4,9,9,8,92,LIGHT,"[70202, 70201, 90202, 90203, 10201]"
409,9,9,6,4,9,9,8,94,LIGHT,"[10403, 20105, 70202, 70201, 90202]"
410,9,8,7,3,9,9,8,93,LIGHT,"[80103, 70201, 10102, 70103, 90201]"
411,8,8,7,5,8,9,8,91,MEDIUM,"[40104, 802, 70102, 80103]"
412,9,9,7,2,9,9,8,94,LIGHT,"[901, 80104, 20105, 10102, 90201]"
413,9,9,6,2,9,9,9,95,LIGHT,"[10402, 10403, 104, 20105, 90203]"
414,8,8,6,6,9,9,8,92,MEDIUM,"[30305, 80102, 20105, 70102, 70201]"
415,9,9,7,3,9,9,8,94,LIGHT,"[80104, 20105, 10104, 90201, 70202]"
416,8,9,6,3,9,9,7,92,LIGHT,"[90202, 70101, 70102, 70201, 10202]"
417,9,9,6,3,9,9,9,95,LIGHT,"[10402, 10403, 20105, 70201, 90203]"
418,9,9,6,3,9,9,8,94,LIGHT,"[20105, 10101, 10103, 70201, 90202]"
419,9,9,7,3,9,9,8,94,LIGHT,"[10403, 80104, 20105, 70201, 10301]"
420,8,8,7,7,8,9,8,91,MEDIUM,"[801, 80101, 70202, 10302, 50303]"
421,9,9,7,3,9,10,9,96,LIGHT,"[10304, 10403, 80104, 20105, 70202]"
422,9,9,7,2,9,9,9,95,LIGHT,"[80103, 40104, 40202, 70103, 10302]"
423,8,8,6,3,9,9,8,92,LIGHT,"[40104, 20105, 70103, 10201, 70202]"
424,9,8,8,2,9,9,8,93,LIGHT,"[10403, 80103, 80104, 20105, 10302]"
425,9,9,6,4,9,9,8,94,LIGHT,"[70201, 20105, 70202, 10103]"
426,9,9,6,2,9,9,8,94,LIGHT,"[20105, 90202, 10403, 70103]"
427,9,9,7,3,9,9,8,94,LIGHT,"[10306, 10403, 80104, 10101, 70201]"
428,9,9,7,3,9,9,8,94,LIGHT,"[80104, 10402, 70202, 90202]"
429,9,9,6,3,9,9,9,95,LIGHT,"[10402, 20105, 70103, 70201, 90203]"
430,9,8,6,3,9,9,9,94,LIGHT,"[601, 70201, 40107, 20101]"
431,9,9,7,2,9,9,9,95,LIGHT,"[30305, 80104, 20105, 10102, 90201]"
432,8,9,6,7,8,9,8,92,MEDIUM,"[80102, 40104, 70201, 70202, 10302]"
433,9,8,6,2,9,9,8,93,LIGHT,"[10401, 10307, 20105, 90201, 90203]"
434,9,9,6,3,9,10,9,96,LIGHT,"[10402, 20105, 70201, 10202, 90203]"
435,8,8,8,2,9,9,7,91,LIGHT,"[80104, 40104, 70102, 80103]"
436,9,9,7,3,9,9,8,94,LIGHT,"[20101, 80102, 20105, 70201, 70103, 10201]"
437,8,8,6,4,9,9,8,92,LIGHT,"[20105, 40201, 70201, 90201, 90202, 10201]"
438,8,9,8,2,9,9,8,93,LIGHT,"[80101, 70102, 10302, 80103]"
439,8,9,8,3,9,9,8,93,LIGHT,"[70201, 90202, 80101, 80103]"
440,7,8,7,6,8,9,7,89,MEDIUM,"[70201, 801, 80101, 70103]"
441,8,9,7,2,8,9,8,92,LIGHT,"[10402, 901, 80103, 70102, 90201]"
442,8,8,6,3,8,9,8,91,LIGHT,"[10104, 10401, 70202, 60302]"
443,9,9,7,2,9,9,8,94,LIGHT,"[10401, 80104, 20105, 60301, 90202]"
444,9,9,6,2,9,9,8,94,LIGHT,"[20105, 70103, 10301, 10103]"
445,8,9,6,3,9,9,8,93,LIGHT,"[70201, 10202, 10403, 20105]"
446,8,8,7,2,9,9,8,92,LIGHT,"[80104, 70101, 70102, 90201, 10201]"
447,9,9,6,4,9,9,9,95,LIGHT,"[10306, 902, 70103, 70201, 70202]"
448,9,9,6,4,9,10,9,96,LIGHT,"[10402, 20105, 70201, 70202, 10302]"
449,9,8,7,2,9,9,8,93,LIGHT,"[80101, 20101, 40104, 20105, 10201]"
450,9,8,7,3,9,9,8,93,LIGHT,"[90201, 70202, 10308, 80103]"
451,9,8,6,3,9,9,8,93,LIGHT,"[10404, 20105, 70102, 70201, 10303]"
452,8,8,7,3,9,9,8,92,LIGHT,"[40104, 80104, 70201, 90202, 10301]"
453,9,8,7,7,9,9,8,93,MEDIUM,"[90201, 80103, 80104, 501, 70201]"
454,8,9,7,4,9,9,8,93,LIGHT,"[30305, 801, 10102, 70201, 70202]"
455,8,9,7,4,9,9,8,93,LIGHT,"[70201, 70202, 90203, 801]"
456,9,9,6,2,9,9,8,94,LIGHT,"[10401, 20105, 30305, 10101]"
457,9,9,7,3,9,9,9,95,LIGHT,"[10304, 90201, 80104, 20105, 70201]"
458,9,9,7,2,9,9,9,95,LIGHT,"[30305, 10403, 80104, 40104, 10102]"
459,9,9,6,4,9,9,8,94,LIGHT,"[10401, 20105, 70201, 90201, 70202]"
460,9,9,7,3,9,9,9,95,LIGHT,"[20101, 80104, 20105, 70202, 10202]"
461,8,9,7,5,9,9,8,93,MEDIUM,"[80103, 80104, 20105, 10103, 70103]"
462,9,9,6,3,9,9,8,94,LIGHT,"[40104, 20105, 70201, 10202, 90203]"
463,8,8,7,3,8,9,7,90,LIGHT,"[40104, 70201, 80103, 70103]"
464,8,9,7,3,9,9,8,93,LIGHT,"[10402, 80103, 40201, 40107, 50101]"
465,9,9,8,3,9,9,8,94,LIGHT,"[80101, 80102, 20105, 70103, 10201, 70202, 90203]"
466,8,9,6,3,9,9,8,93,LIGHT,"[30305, 10402, 20105, 70201, 90202]"
467,9,9,7,2,9,9,8,94,LIGHT,"[10307, 80103, 20105, 70103, 90203]"
468,8,9,7,3,9,9,7,92,LIGHT,"[80104, 20105, 40104, 10103, 70201]"
469,8,8,7,2,8,9,7,90,LIGHT,"[10403, 10308, 70102, 80103]"
470,9,9,6,3,8,9,8,93,LIGHT,"[10403, 20105, 70202, 10101, 90202]"
471,9,9,7,3,9,9,8,94,LIGHT,"[80104, 20201, 70103, 70201, 10302]"
472,8,8,6,6,9,9,8,92,MEDIUM,"[108, 70202, 802, 90202]"
473,8,8,6,2,9,9,8,92,LIGHT,"[20105, 10402, 10403, 10302]"
474,9,9,7,3,9,9,8,94,LIGHT,"[10202, 803, 20101, 20105, 70201, 90202]"
475,9,9,6,2,9,9,8,94,LIGHT,"[40104, 20105, 70103, 10103]"
476,9,8,7,3,9,9,8,93,LIGHT,"[10403, 102, 80104, 20105, 70201]"
477,9,9,6,4,9,9,9,95,LIGHT,"[20201, 60302, 60303, 60304, 10103, 70201, 70202]"
478,9,8,6,2,9,9,8,93,LIGHT,"[30305, 10402, 20105, 90201, 10202]"
479,9,8,6,2,9,9,8,93,LIGHT,"[10402, 20101, 40104, 70102, 10303]"
480,9,8,7,3,8,9,8,92,LIGHT,"[10404, 902, 80104, 70102, 70201]"
481,9,9,8,3,9,9,8,94,LIGHT,"[801, 80102, 20105, 70202, 10302]"
482,8,9,7,2,9,9,9,94,LIGHT,"[80103, 104, 20201, 20105, 40106, 301, 90202]"
483,9,9,7,3,9,9,8,94,LIGHT,"[10402, 80102, 20105, 90201, 70202]"
484,8,8,6,3,9,9,8,92,LIGHT,"[30201, 70202, 10403, 10103]"
485,8,9,6,3,9,9,8,93,LIGHT,"[70201, 70103, 10103]"
486,9,8,7,2,8,9,8,92,LIGHT,"[40104, 20105, 10403, 80103]"
487,9,9,7,2,9,9,8,94,LIGHT,"[10307, 80103, 20105, 90103, 90201]"
488,8,8,7,2,8,9,7,90,LIGHT,"[10402, 90203, 70101, 80103]"
489,8,8,7,3,9,9,8,92,LIGHT,"[70304, 20101, 80104, 20105, 70201]"
490,8,8,5,6,8,8,8,90,MEDIUM,"[10306, 201, 20105, 70102, 70201]"
491,8,8,6,2,9,9,8,92,LIGHT,"[10402, 10403, 20101, 40104, 90203]"
492,8,8,7,3,9,9,8,92,LIGHT,"[70201, 10402, 20105, 80103]"
493,9,8,7,2,9,9,8,93,LIGHT,"[80104, 10201, 20105, 20101]"
494,8,9,6,2,9,9,8,93,LIGHT,"[10307, 40104, 70103, 90203, 702]"
495,9,9,6,3,9,9,8,94,LIGHT,"[20101, 20105, 60304, 70201, 10202]"
496,8,9,6,3,9,9,8,93,LIGHT,"[40104, 20203, 70103, 70201, 10202]"
497,8,8,8,2,9,9,8,92,LIGHT,"[10404, 80101, 80102, 20105, 10101]"
498,8,8,8,2,9,9,7,91,LIGHT,"[10208, 10402, 80101, 80102, 20105]"
499,9,8,8,2,9,9,8,93,LIGHT,"[10402, 80101, 80103, 60303, 70103]"
500,8,9,7,3,9,9,8,93,LIGHT,"[70201, 20105, 10102, 80103]"
501,9,9,6,3,9,9,9,95,LIGHT,"[10403, 20105, 10102, 70201, 10202]"
502,8,9,7,3,9,9,8,93,LIGHT,"[30305, 80101, 20105, 70202, 10202]"
503,9,8,7,2,9,9,8,93,LIGHT,"[801, 10404, 20105, 10101, 702]"
504,9,9,7,2,9,9,8,94,LIGHT,"[10402, 80104, 10101, 10102, 702]"
505,9,8,6,2,9,9,8,93,LIGHT,"[10403, 20105, 10101, 10103, 702]"
506,8,9,7,2,9,9,8,93,LIGHT,"[80103, 20105, 40202, 70103, 10303]"
507,9,9,7,2,9,9,9,95,LIGHT,"[80104, 20105, 60303, 10101, 90201]"
508,9,9,6,3,9,9,8,94,LIGHT,"[10401, 20105, 70202, 10202, 701]"
509,8,9,6,3,8,9,8,92,LIGHT,"[104, 20105, 60302, 70201, 10201]"
510,7,8,5,7,8,8,7,88,MEDIUM,"[40201, 70103, 10201, 70202, 50303]"
511,9,9,7,2,9,9,8,94,LIGHT,"[80104, 20105, 10101, 70102, 90203]"
512,9,9,7,2,9,10,9,96,LIGHT,"[10401, 80103, 20105, 10101, 10202, 90203]"
513,10,9,7,2,10,10,9,98,LIGHT,"[10304, 801, 901, 20201, 20105, 10101]"
514,9,9,6,3,9,9,8,94,LIGHT,"[10401, 10403, 20105, 90201, 70202]"
515,9,9,7,2,9,9,9,95,LIGHT,"[10401, 80104, 60301, 701, 702]"
516,8,8,6,3,8,8,8,90,LIGHT,"[90202, 20105, 70103, 70201, 10202]"
517,9,9,7,2,9,9,8,94,LIGHT,"[80104, 20105, 10403, 10102]"
518,8,9,7,3,9,9,8,93,LIGHT,"[10201, 70202, 70102, 80102]"
519,9,9,9,2,9,9,8,94,LIGHT,"[10402, 80101, 80103, 80104, 20105, 60201]"
520,8,9,7,3,9,9,8,93,LIGHT,"[80101, 40107, 20203, 70102, 70201]"
521,8,8,5,6,9,9,8,92,MEDIUM,"[90201, 70201, 10402, 10102]"
522,8,10,6,3,10,10,9,97,LIGHT,"[10306, 20201, 70201, 90201, 90202, 10303]"
523,9,9,6,3,9,9,9,95,LIGHT,"[10403, 20105, 70201, 701, 10302]"
524,9,9,6,3,9,9,9,95,LIGHT,"[10401, 20105, 70103, 70201, 90203]"
525,9,9,6,3,9,9,9,95,LIGHT,"[10403, 20201, 10101, 70102, 70202]"
526,8,8,7,3,9,9,8,92,LIGHT,"[80104, 20105, 70102, 70201, 10202]"
527,8,9,6,2,9,9,8,93,LIGHT,"[10401, 20105, 70103, 90203, 10301]"
528,9,9,7,3,9,9,8,94,LIGHT,"[902, 80104, 20105, 501, 30301]"
529,9,9,7,2,9,10,9,96,LIGHT,"[80104, 20105, 10301, 10102]"
530,8,9,6,3,9,9,8,93,LIGHT,"[70201, 20105, 20101, 10303]"
531,9,8,7,3,9,9,8,93,LIGHT,"[80104, 20105, 70201, 90201, 10202]"
532,9,9,6,3,9,9,8,94,LIGHT,"[20105, 70202, 70103, 10303]"
533,9,9,8,4,9,9,8,94,LIGHT,"[80101, 80103, 70201, 70202, 10303]"
534,9,9,6,2,9,10,9,96,LIGHT,"[10402, 20101, 20105, 70102, 10201]"
535,8,9,7,3,8,9,7,91,LIGHT,"[60304, 70201, 60301, 80103]"
536,8,9,7,3,9,9,8,93,LIGHT,"[90201, 80104, 70103, 70201, 10202]"
537,9,9,6,3,9,9,8,94,LIGHT,"[70201, 10401, 90202, 10103]"
538,8,9,7,3,8,9,8,92,LIGHT,"[80104, 20105, 70202, 10102]"
539,8,9,8,3,9,9,8,93,LIGHT,"[30305, 80103, 80104, 70202, 10303]"
540,9,9,7,3,9,9,8,94,LIGHT,"[80104, 20201, 70202, 10102]"
541,9,9,6,2,9,9,8,94,LIGHT,"[10404, 20105, 70103, 90201, 90203]"
542,8,8,7,2,8,8,8,90,LIGHT,"[801, 10403, 902, 20105, 702]"
543,8,9,6,3,9,9,8,93,LIGHT,"[10305, 70202, 70102, 10303]"
544,9,8,8,2,9,9,8,93,LIGHT,"[80103, 80104, 20105, 60303, 702]"
545,9,9,7,3,9,10,9,96,LIGHT,"[10402, 901, 80104, 70201, 90203]"
546,9,9,5,6,9,9,8,94,MEDIUM,"[40104, 70103, 70202, 90203, 10302]"
547,9,9,6,4,9,9,8,94,LIGHT,"[40104, 70103, 10104, 70201, 70202]"
548,9,8,6,3,9,9,8,93,LIGHT,"[10401, 10402, 20105, 70201, 90202]"
549,9,8,3,10,9,9,9,94,HEAVY,"[20102, 20105, 20201, 60304, 10301, 601, 50301, 50303]"
550,8,9,7,4,9,9,8,93,LIGHT,"[80104, 20201, 10102, 70201, 70202]"
551,9,8,6,2,9,9,8,93,LIGHT,"[20105, 30305, 10101, 20101]"
552,9,8,7,3,9,9,9,94,LIGHT,"[20105, 70202, 10102, 80103]"
553,9,9,7,2,9,9,8,94,LIGHT,"[902, 80104, 20105, 70103, 10104]"
554,9,9,6,3,9,9,8,94,LIGHT,"[10401, 10101, 70101, 10201, 70202]"
555,8,8,8,2,9,9,8,92,LIGHT,"[70103, 80102, 80104, 10103, 10302]"
556,8,9,8,3,9,9,8,93,LIGHT,"[801, 10402, 80103, 70103, 70201]"
557,8,9,6,3,9,9,8,93,LIGHT,"[70201, 10402, 10103]"
558,8,8,7,6,8,8,8,90,MEDIUM,"[80101, 80104, 20105, 40104, 70202, 10202]"
559,9,9,6,4,9,9,8,94,LIGHT,"[10403, 20101, 20105, 70201, 70202]"
560,8,9,6,3,9,9,8,93,LIGHT,"[10402, 20105, 70103, 70201, 10303]"
561,8,8,7,2,9,9,8,92,LIGHT,"[20105, 90203, 80101, 10302]"
562,9,9,5,6,9,9,9,95,MEDIUM,"[20101, 20105, 70102, 30103, 70202]"
563,8,8,7,3,8,9,8,91,LIGHT,"[80104, 70201, 10201, 70102]"
564,8,8,7,2,8,9,8,91,LIGHT,"[80104, 40104, 60302, 10101, 90202]"
565,8,9,6,4,9,9,8,93,LIGHT,"[10402, 70201, 70202, 60304]"
566,9,9,8,3,9,9,8,94,LIGHT,"[80103, 80104, 40104, 70102, 70201, 10202, 90203]"
567,9,8,7,3,9,9,8,93,LIGHT,"[10403, 80104, 70102, 70201, 90202]"
568,9,9,6,3,9,9,8,94,LIGHT,"[10402, 20105, 70201, 10202, 90203]"
569,9,9,6,3,9,9,9,95,LIGHT,"[20101, 80201, 20105, 70202, 10106]"
570,8,8,7,3,9,9,8,92,LIGHT,"[801, 10402, 40107, 70101, 70202]"
571,9,9,6,3,9,9,8,94,LIGHT,"[10401, 20101, 20105, 10104, 70202]"
572,9,9,7,3,9,9,8,94,LIGHT,"[801, 70202, 20201, 20105]"
573,8,9,7,3,9,9,8,93,LIGHT,"[10401, 80104, 10102, 70103, 70202]"
574,9,9,6,3,9,9,8,94,LIGHT,"[10404, 90202, 20101, 20103, 70202]"
575,8,8,8,3,9,9,8,92,LIGHT,"[801, 80104, 20105, 70201, 90203, 10302]"
576,9,9,6,3,9,9,9,95,LIGHT,"[10401, 20105, 10101, 70202, 90203]"
577,8,8,7,3,8,9,8,91,LIGHT,"[801, 902, 201, 70101, 70201]"
578,9,9,6,3,9,9,8,94,LIGHT,"[10401, 20101, 901, 20105, 10101, 70201, 90202]"
579,8,9,7,3,9,9,8,93,LIGHT,"[80104, 20201, 70101, 10103, 70201]"
580,9,9,6,2,9,9,9,95,LIGHT,"[20105, 20201, 10102, 70103]"
581,8,9,8,2,9,9,8,93,LIGHT,"[80104, 80103, 902, 10103]"
582,9,9,7,2,9,9,8,94,LIGHT,"[80104, 60303, 70101, 10103, 90201]"
583,9,9,6,3,9,9,8,94,LIGHT,"[10403, 20105, 20201, 10102, 70201]"
584,9,9,6,4,9,9,8,94,LIGHT,"[30305, 10403, 501, 70201, 70202]"
585,8,9,3,10,8,9,7,91,HEAVY,"[10402, 40201, 403, 70102, 10201, 70202]"
586,9,9,7,3,9,9,8,94,LIGHT,"[80101, 10101, 10102, 10103, 70201]"
587,9,9,7,3,9,9,9,95,LIGHT,"[90202, 80104, 20105, 70201, 10202]"
588,9,9,6,2,9,9,9,95,LIGHT,"[10104, 20201, 702, 90201]"
589,9,9,7,3,9,9,8,94,LIGHT,"[10402, 80104, 20105, 90201, 70202]"
590,7,8,7,3,8,8,7,88,LIGHT,"[80103, 40104, 70201, 70102, 10201]"
591,8,9,7,2,8,8,8,91,LIGHT,"[50402, 80103, 40104, 105, 20202]"
592,8,8,6,6,9,9,8,92,MEDIUM,"[10104, 70201, 80102]"
593,9,9,7,3,9,9,8,94,LIGHT,"[10404, 80104, 70201, 90201, 90202]"
594,9,8,7,3,9,9,8,93,LIGHT,"[10403, 80104, 20105, 90201, 70202]"
595,9,9,6,3,9,9,8,94,LIGHT,"[10401, 70202, 10302]"
596,9,9,6,3,9,9,9,95,LIGHT,"[10104, 20201, 70202, 70103]"
597,8,8,6,2,9,9,8,92,LIGHT,"[10304, 20105, 70102, 90201, 30301]"
598,9,9,7,3,9,9,9,95,LIGHT,"[90202, 80104, 20105, 70201, 10202]"
599,9,8,6,2,9,9,8,93,LIGHT,"[10307, 10404, 40104, 20105, 90203]"
600,9,9,8,3,9,9,8,94,LIGHT,"[10305, 80101, 80102, 20105, 70201]"
601,8,8,8,3,9,9,8,92,LIGHT,"[80101, 20101, 80103, 20103, 20104, 40202, 70201]"
602,9,9,6,4,9,9,8,94,LIGHT,"[10304, 10305, 10306, 20101, 90202, 20103, 70201, 70202, 70301]"
603,8,8,7,3,9,9,8,92,LIGHT,"[40104, 10201, 80101, 70201]"
604,9,9,6,2,9,9,8,94,LIGHT,"[20105, 10302, 70103]"
605,8,9,6,3,9,9,8,93,LIGHT,"[10402, 20105, 10101, 70103, 70202, 90203]"
606,9,9,6,3,9,9,8,94,LIGHT,"[90202, 20105, 70202, 90201, 10202]"
607,8,9,8,3,8,9,9,92,LIGHT,"[10401, 10403, 80103, 80104, 70201]"
608,8,8,5,7,8,8,8,90,MEDIUM,"[40104, 10201, 50303, 70201]"
609,8,9,8,3,9,9,7,92,LIGHT,"[80103, 80104, 70201, 70103, 90201]"
610,9,9,6,2,9,9,8,94,LIGHT,"[10401, 10402, 40104, 90201, 90203]"
611,9,8,7,2,9,9,8,93,LIGHT,"[80104, 902, 10102, 70103]"
612,8,9,8,2,9,9,8,93,LIGHT,"[801, 10403, 80103, 20105, 40202]"
613,9,9,7,5,9,9,8,94,MEDIUM,"[10305, 801, 10402, 80101, 40104]"
614,9,8,7,3,9,9,8,93,LIGHT,"[801, 90202, 70103, 70201, 10202]"
615,9,9,7,3,9,9,8,94,LIGHT,"[902, 80103, 20105, 70103, 70201]"
616,9,9,7,3,9,10,9,96,LIGHT,"[801, 902, 20105, 10102, 70202]"
617,8,8,7,3,8,9,8,91,LIGHT,"[801, 40104, 201, 70201, 10202]"
618,9,9,7,3,9,9,8,94,LIGHT,"[80104, 70201, 10403, 70102]"
619,8,8,5,7,9,9,8,92,MEDIUM,"[10201, 70202, 10404, 70201]"
620,8,9,8,3,9,9,7,92,LIGHT,"[80101, 80103, 40104, 10102, 70201]"
621,8,9,6,3,9,9,8,93,LIGHT,"[60301, 40302, 60303, 70202, 10302]"
622,7,8,7,2,8,9,8,90,LIGHT,"[10308, 80103, 20105, 70101, 30103]"
623,8,9,6,3,9,9,7,92,LIGHT,"[30305, 10402, 20105, 70201, 10303]"
624,8,9,6,3,9,9,8,93,LIGHT,"[70201, 20105, 10205, 70102]"
625,8,8,7,2,9,9,8,92,LIGHT,"[40104, 20105, 80104, 70101, 10201]"
626,8,9,6,3,9,9,8,93,LIGHT,"[70201, 10403, 40108, 10103]"
627,9,9,7,2,9,9,8,94,LIGHT,"[10401, 80103, 201, 10101, 90203]"
628,8,9,7,3,9,9,8,93,LIGHT,"[10403, 80104, 20201, 10101, 70201]"
629,8,8,7,3,9,9,8,92,LIGHT,"[80104, 20105, 80201, 70201, 10202]"
630,9,9,7,3,10,10,9,97,LIGHT,"[10402, 80104, 20105, 70201, 90201]"
631,8,8,6,3,8,9,8,91,LIGHT,"[70201, 90202, 20201, 901]"
632,9,9,6,2,9,9,8,94,LIGHT,"[90201, 10402, 702, 20105]"
633,9,9,7,3,9,9,8,94,LIGHT,"[80104, 20105, 70103, 70201, 10301]"
634,8,8,8,2,9,9,8,92,LIGHT,"[10402, 80103, 80104, 20105, 702]"
635,8,9,6,2,9,9,8,93,LIGHT,"[10402, 10202, 20203, 10301]"
636,9,9,6,3,9,9,8,94,LIGHT,"[20105, 70102, 70103, 10104, 70201]"
637,8,9,6,2,9,9,8,93,LIGHT,"[40104, 20105, 70103, 90201, 10201]"
638,9,9,7,2,9,9,8,94,LIGHT,"[60303, 10101, 80103]"
639,9,9,8,2,9,9,8,94,LIGHT,"[10104, 20105, 80102, 80103]"
640,9,9,6,3,9,9,8,94,LIGHT,"[10401, 10403, 20105, 70201, 90202]"
641,8,9,6,3,9,9,8,93,LIGHT,"[10402, 20105, 70201, 10103, 90201]"
642,9,9,7,2,9,9,9,95,LIGHT,"[10403, 80103, 20105, 70103, 90203]"
643,9,9,6,4,9,9,8,94,LIGHT,"[10404, 20105, 20203, 70201, 70202]"
644,9,9,6,4,9,9,9,95,LIGHT,"[20105, 40201, 60303, 10101, 70202]"
645,9,9,6,3,9,9,9,95,LIGHT,"[10401, 20105, 70101, 70102, 70201, 10302]"
646,8,8,7,3,9,9,8,92,LIGHT,"[80104, 10409, 60302, 70103, 70201]"
647,8,9,5,7,8,8,8,91,MEDIUM,"[90202, 40104, 20105, 40201, 70202]"
648,8,9,7,3,9,9,8,93,LIGHT,"[30305, 20101, 80104, 20105, 70201, 10201]"
649,8,9,8,2,9,9,8,93,LIGHT,"[80101, 80102, 40104, 20105, 10302]"
650,8,8,6,3,9,9,8,92,LIGHT,"[40104, 70201, 10302]"
651,9,8,6,2,9,9,8,93,LIGHT,"[10402, 20105, 70102, 90202, 702]"
652,8,9,7,2,9,9,8,93,LIGHT,"[10402, 902, 80104, 70103, 10302]"
653,8,8,8,3,8,8,8,90,LIGHT,"[10306, 802, 80104, 70101, 70201]"
654,8,8,7,3,8,9,7,90,LIGHT,"[10201, 80103, 60302, 70201]"
655,10,9,6,3,9,9,9,96,LIGHT,"[10402, 20105, 70103, 70201, 90202]"
656,8,8,6,3,9,9,8,92,LIGHT,"[70201, 20105, 10404, 70103]"
657,8,8,7,3,9,9,8,92,LIGHT,"[10403, 80101, 20105, 90201, 70202]"
658,8,9,8,3,9,9,8,93,LIGHT,"[80103, 80104, 20105, 70201, 90201]"
659,8,8,6,3,9,9,8,92,LIGHT,"[10402, 20105, 70103, 70201, 10303]"
660,9,8,7,3,9,9,8,93,LIGHT,"[10402, 20105, 70202, 80104]"
661,8,9,7,3,9,9,8,93,LIGHT,"[10304, 802, 902, 20105, 70201]"
662,9,9,6,3,9,9,9,95,LIGHT,"[90201, 70202, 10404, 10101]"
663,9,9,6,3,9,9,9,94,LIGHT,"[20105, 10404, 10102, 70201]"
664,10,9,6,3,10,10,9,98,LIGHT,"[10304, 10307, 70201, 90201, 90202]"
665,9,8,6,3,9,9,8,93,LIGHT,"[70201, 10401, 20105, 70103]"
666,8,8,7,2,9,9,7,91,LIGHT,"[20201, 80101, 10101]"
667,9,9,6,2,9,9,8,94,LIGHT,"[10401, 10306, 102, 60303, 60304]"
668,8,8,7,4,8,9,8,91,LIGHT,"[20101, 80101, 70201, 70202, 10302]"
669,10,9,6,2,9,10,9,97,LIGHT,"[10403, 20101, 20105, 90201, 90202]"
670,8,9,6,2,9,8,8,92,LIGHT,"[10306, 10403, 40104, 20105, 70102]"
671,9,8,6,2,8,8,8,91,LIGHT,"[20105, 60301, 10302, 60303]"
672,9,9,7,3,9,9,8,94,LIGHT,"[10402, 802, 20105, 70201, 90201]"
673,9,9,6,3,9,9,9,95,LIGHT,"[10403, 20105, 70201, 90202, 10303]"
674,9,9,6,2,9,9,8,94,LIGHT,"[40104, 20105, 201, 10101, 70103]"
675,9,8,6,2,9,9,8,93,LIGHT,"[10403, 20105, 70103, 90202, 10302]"
676,9,9,7,2,9,9,9,95,LIGHT,"[80104, 20105, 70103, 90202, 10107]"
677,8,9,8,3,9,9,8,93,LIGHT,"[80101, 902, 80103, 70102, 70202]"
678,9,8,6,3,9,9,8,93,LIGHT,"[20105, 10402, 201, 70201]"
679,9,9,7,2,9,9,9,95,LIGHT,"[10402, 80102, 20105, 90201, 10202]"
680,9,8,7,2,9,9,8,93,LIGHT,"[80104, 90201, 70102, 10102]"
681,9,9,6,3,9,9,8,94,LIGHT,"[10403, 20105, 70201, 10201, 10202]"
682,9,9,6,3,8,9,8,93,LIGHT,"[20105, 10402, 90203, 70201]"
683,9,9,3,9,9,9,9,95,HEAVY,"[10402, 20105, 70103, 70201, 90202]"
684,9,8,6,4,9,9,8,93,LIGHT,"[10402, 70103, 70201, 70202, 10302]"
685,9,9,6,3,9,9,8,94,LIGHT,"[20105, 70201, 10103, 90201, 10201]"
686,9,9,6,3,9,9,8,94,LIGHT,"[20201, 20203, 40108, 10104, 70201]"
687,9,9,6,3,9,9,8,94,LIGHT,"[10201, 10402, 70202, 10101]"
688,8,8,3,10,8,8,7,89,HEAVY,"[70201, 40107, 50301, 50303]"
689,8,9,6,3,9,9,8,93,LIGHT,"[10402, 20105, 10101, 70201, 90202]"
690,8,9,7,4,8,9,8,92,LIGHT,"[70201, 70202, 80101, 10102]"
691,8,9,6,7,9,9,8,93,MEDIUM,"[10401, 10307, 10404, 80104, 40201, 104, 70201]"
692,9,9,6,3,9,9,8,94,LIGHT,"[10305, 10403, 20105, 70201, 90201]"
693,9,9,6,3,9,9,8,94,LIGHT,"[70201, 20105, 70102, 10303]"
694,8,8,6,2,9,9,8,92,LIGHT,"[10402, 20105, 70103, 10104, 90202]"
695,8,8,7,3,9,9,8,92,LIGHT,"[10304, 10402, 80103, 40104, 20105, 70201]"
696,8,8,6,2,9,9,8,92,LIGHT,"[10104, 20105, 10404, 40104]"
697,9,9,8,3,9,9,8,94,LIGHT,"[80104, 70201, 80101, 10102]"
698,8,9,6,3,9,9,8,93,LIGHT,"[10402, 70201, 70101, 601, 10302]"
699,9,9,8,3,9,10,9,96,LIGHT,"[10402, 80101, 80103, 60303, 70202]"
700,9,9,6,2,9,9,8,94,LIGHT,"[20105, 20201, 10404, 10101]"
701,8,8,7,6,8,9,8,91,MEDIUM,"[801, 902, 80103, 20105, 10104, 70201]"
702,8,8,7,3,9,9,8,92,LIGHT,"[10402, 901, 80103, 70102, 70201]"
703,8,9,7,2,9,9,8,93,LIGHT,"[10402, 10307, 902, 80104, 70103]"
704,8,8,8,2,8,9,7,90,LIGHT,"[80102, 80103, 40104, 90201, 70301]"
705,8,9,6,3,9,9,8,93,LIGHT,"[10403, 20105, 70103, 70201, 90202]"
706,8,9,8,3,9,9,8,93,LIGHT,"[80101, 80103, 20105, 10101, 70201]"
707,8,9,9,3,9,9,8,93,LIGHT,"[80101, 80103, 80104, 10201, 70202]"
708,8,9,7,3,8,9,8,92,LIGHT,"[801, 10403, 20105, 70101, 70201]"
709,9,9,7,3,9,9,8,94,LIGHT,"[80104, 70201, 10402, 10102]"
710,9,9,7,3,9,9,9,95,LIGHT,"[80103, 20105, 10101, 70103, 70202]"
711,9,9,6,3,9,9,8,94,LIGHT,"[10401, 10404, 90202, 104, 10104, 70202]"
712,9,9,8,3,9,9,8,94,LIGHT,"[10308, 80102, 80103, 70103, 70202]"
713,8,9,7,3,9,9,8,93,LIGHT,"[80102, 20105, 40302, 70202, 90203]"
714,8,8,6,4,9,9,7,91,LIGHT,"[20105, 40201, 70102, 70201, 30301, 10302]"
715,8,8,7,3,9,9,8,92,LIGHT,"[10401, 80101, 104, 201, 70202]"
716,9,9,6,3,9,9,9,95,LIGHT,"[90201, 20105, 70202, 10303]"
717,8,8,7,3,9,9,8,92,LIGHT,"[10104, 70201, 40104, 80104]"
718,9,9,7,3,9,9,9,95,LIGHT,"[102, 80104, 20105, 10104, 70201]"
719,9,8,7,3,9,9,8,93,LIGHT,"[10307, 40104, 80104, 70103, 70201]"
720,9,8,6,3,9,9,7,92,LIGHT,"[10402, 40104, 20105, 70201, 90201, 10202]"
721,9,9,6,4,9,9,8,94,LIGHT,"[10402, 20105, 70103, 70201, 70202]"
722,9,9,7,3,9,10,9,96,LIGHT,"[80103, 104, 70201, 90201, 90202]"
723,9,9,6,2,9,9,9,95,LIGHT,"[30305, 10402, 20103, 20201, 10302]"
724,8,9,6,2,9,9,8,93,LIGHT,"[10403, 20201, 10104, 90201, 702]"
725,9,9,7,3,9,9,9,95,LIGHT,"[80104, 20105, 70103, 70201, 10202]"
726,9,9,6,3,9,9,8,94,LIGHT,"[10401, 20105, 10101, 10102, 70202]"
727,9,8,7,2,9,9,8,93,LIGHT,"[80103, 40104, 20105, 90201, 90202]"
728,9,9,8,2,9,9,9,95,LIGHT,"[10402, 80101, 80103, 20105, 10303]"
729,9,9,7,3,9,9,9,95,LIGHT,"[90202, 80103, 70102, 10201, 70202, 10302]"
730,8,9,7,3,9,9,8,93,LIGHT,"[10402, 80102, 20105, 70202, 702]"
731,9,9,7,3,9,9,8,94,LIGHT,"[10402, 80104, 90201, 70202, 90203]"
732,9,9,6,3,9,9,8,94,LIGHT,"[40104, 70103, 90201, 70202, 10302]"
733,8,9,6,3,8,9,8,92,LIGHT,"[10403, 40104, 20105, 70103, 70201]"
734,9,8,6,3,9,9,8,93,LIGHT,"[70201, 70102, 10302, 60303]"
735,9,9,7,3,9,9,8,94,LIGHT,"[80103, 20105, 10104, 70201, 90202]"
736,9,9,6,5,9,9,9,95,MEDIUM,"[80103, 40104, 20105, 60302, 10101]"
737,9,9,7,3,9,9,8,94,LIGHT,"[70201, 70103, 90203, 80103]"
738,8,9,6,2,9,9,8,93,LIGHT,"[10304, 10404, 20105, 70101, 70103]"
739,9,9,7,3,9,9,9,95,LIGHT,"[80103, 20105, 10101, 90201, 70202]"
740,8,8,7,2,8,8,8,90,LIGHT,"[80103, 20105, 70103, 90203, 10303]"
741,9,9,7,3,9,9,9,95,LIGHT,"[80104, 20201, 10402, 70202]"
742,9,9,7,2,9,9,9,95,LIGHT,"[10402, 80104, 20105, 70103, 90201]"
743,8,9,7,2,9,9,8,92,LIGHT,"[60303, 10201, 60302, 80103]"
744,9,9,6,2,9,9,9,95,LIGHT,"[10402, 70103, 10103, 90203, 701]"
745,9,9,7,2,9,9,8,94,LIGHT,"[801, 102, 20105, 10101, 90202]"
746,9,9,4,10,9,9,8,94,HEAVY,"[80103, 60304, 402, 501, 70202]"
747,7,9,8,3,9,9,8,92,LIGHT,"[801, 10402, 802, 20105, 70202]"
748,8,9,6,4,8,9,8,92,LIGHT,"[401, 70101, 70201, 70202, 10302]"
749,9,9,8,3,9,9,9,95,LIGHT,"[10402, 80103, 80104, 20105, 70202]"
750,9,9,7,3,9,9,8,94,LIGHT,"[10401, 80104, 20105, 90201, 70202]"
751,8,8,6,7,8,8,8,90,MEDIUM,"[80103, 70103, 70201, 70202, 50303]"
752,9,8,5,6,9,9,8,93,MEDIUM,"[70202, 40107, 10302]"
753,8,8,6,3,9,9,8,92,LIGHT,"[40104, 70201, 10202, 70101]"
754,9,9,7,3,9,9,9,95,LIGHT,"[10405, 80104, 20105, 90201, 70202]"
755,9,9,5,5,9,9,8,93,MEDIUM,"[10307, 902, 20105, 201, 70103]"
756,9,9,7,3,9,9,8,94,LIGHT,"[10403, 80104, 70201, 90201, 90202]"
757,9,9,6,3,9,9,9,95,LIGHT,"[10304, 20105, 70201, 90202, 10301]"
758,8,9,8,2,9,9,8,93,LIGHT,"[10401, 801, 80103, 20105, 90201]"
759,8,8,8,2,9,9,8,92,LIGHT,"[10305, 80103, 80104, 20105, 70103]"
760,9,9,6,2,9,9,8,94,LIGHT,"[10403, 20101, 20105, 10102, 70103, 90203]"
761,9,9,6,3,9,9,9,95,LIGHT,"[10401, 20101, 20105, 70201, 10303]"
762,9,9,6,3,9,10,9,96,LIGHT,"[901, 20201, 10101, 70103, 70201]"
763,9,8,6,2,9,9,8,93,LIGHT,"[10401, 902, 20105, 10202, 702]"
764,9,8,6,4,9,9,8,93,LIGHT,"[40104, 70201, 70202, 70102]"
765,9,8,6,4,8,9,8,92,LIGHT,"[20105, 602, 70201, 70202, 10303]"
766,9,9,7,3,9,9,8,94,LIGHT,"[80103, 20201, 20105, 70201, 10302]"
767,9,9,7,2,9,9,8,94,LIGHT,"[10401, 70102, 801]"
768,9,9,8,4,9,9,9,95,LIGHT,"[801, 10202, 80103, 70201, 70202]"
769,9,9,8,3,9,9,9,95,LIGHT,"[10401, 10308, 80103, 80104, 20201, 70201]"
770,8,9,7,2,9,9,7,92,LIGHT,"[40104, 10201, 10403, 80103]"
771,9,9,7,3,9,9,8,94,LIGHT,"[10404, 80103, 20105, 10103, 70202]"
772,8,9,6,6,8,9,8,92,MEDIUM,"[90201, 10201, 70202, 80101]"
773,9,8,7,3,9,9,8,93,LIGHT,"[10402, 80104, 20105, 20203, 70201]"
774,9,9,6,3,9,9,8,94,LIGHT,"[10304, 90201, 10403, 20105, 70201]"
775,8,8,7,3,9,9,8,92,LIGHT,"[30305, 10403, 80102, 20105, 70201]"
776,9,9,7,3,9,9,8,94,LIGHT,"[70202, 10101, 80103]"
777,8,9,5,6,9,9,8,93,MEDIUM,"[10402, 20101, 10101, 90201, 70202, 10201]"
778,9,9,6,2,9,10,9,96,LIGHT,"[10402, 20201, 20105, 10101, 90203]"
779,7,8,6,6,8,9,7,89,MEDIUM,"[10308, 80103, 40104, 70102, 70201]"
780,9,9,6,3,9,9,8,94,LIGHT,"[10404, 20103, 20203, 70201, 90202]"
781,9,9,7,3,9,9,8,94,LIGHT,"[80102, 20105, 70201, 90201, 10302]"
782,9,9,6,3,9,9,8,94,LIGHT,"[20105, 70202, 10101, 70103]"
783,9,8,7,3,9,9,8,93,LIGHT,"[90201, 80102, 20105, 10101, 70102, 70201]"
784,8,8,8,3,9,9,8,92,LIGHT,"[902, 80103, 80104, 70102, 70201]"
785,8,9,8,2,9,9,9,94,LIGHT,"[80103, 80104, 20202, 70102, 10201]"
786,9,9,6,2,9,9,8,94,LIGHT,"[10202, 90203, 20101, 70103]"
787,9,9,6,3,9,9,8,94,LIGHT,"[10403, 90202, 20105, 70103, 70202]"
788,8,9,6,4,9,9,8,93,LIGHT,"[10403, 40201, 10102, 70103, 70201]"
789,8,8,6,2,9,9,7,91,LIGHT,"[10401, 20105, 90202, 30301]"
790,8,8,6,3,9,9,8,92,LIGHT,"[40104, 10201, 20106, 70201]"
791,8,8,6,3,9,9,8,92,LIGHT,"[10404, 902, 40104, 20105, 70201]"
792,9,9,6,2,9,9,8,94,LIGHT,"[40104, 10402, 90202, 70102]"
793,9,9,7,3,9,9,9,95,LIGHT,"[10401, 80103, 20105, 70101, 10101, 70202]"
794,8,9,6,3,9,9,8,93,LIGHT,"[20101, 104, 20105, 10103, 70202]"
795,9,9,6,3,9,9,8,94,LIGHT,"[10402, 20105, 10104, 70201, 90203]"
796,9,8,7,3,9,9,8,93,LIGHT,"[10403, 80104, 20105, 10102, 70201]"
797,9,9,6,3,9,9,9,95,LIGHT,"[20201, 60304, 10101, 90201, 70202]"
798,9,9,6,5,9,9,8,94,MEDIUM,"[90202, 80103, 20105, 10102, 10202]"
799,8,8,6,3,9,9,8,92,LIGHT,"[10401, 10402, 70103, 70201, 10302]"
800,9,9,6,3,9,9,8,94,LIGHT,"[20105, 70202, 10101]"
801,9,8,6,3,9,9,8,93,LIGHT,"[10402, 20105, 70103, 70201, 90202]"
802,8,9,7,2,9,9,8,93,LIGHT,"[20101, 80103, 70103, 90201, 10302]"
803,9,8,6,3,9,9,8,93,LIGHT,"[40104, 20105, 70103, 70201, 90301]"
804,9,8,7,3,9,9,8,93,LIGHT,"[40104, 80104, 70201, 70103, 90201]"
805,8,9,7,2,9,9,8,93,LIGHT,"[80104, 20105, 10101, 70103, 90202]"
806,8,8,6,6,9,9,8,92,MEDIUM,"[10305, 80104, 20105, 20203, 70202]"
807,9,9,7,2,9,9,8,94,LIGHT,"[10401, 80102, 20105, 10202, 702]"
808,8,9,8,2,8,9,7,91,LIGHT,"[80103, 80104, 20105, 104, 70102]"
809,9,9,6,3,9,9,8,94,LIGHT,"[10401, 40104, 20105, 70201, 10301]"
810,9,9,6,3,9,9,8,94,LIGHT,"[20105, 10101, 70201]"
811,8,9,6,2,9,9,8,93,LIGHT,"[10104, 20201, 101, 701]"
812,8,9,7,2,9,9,8,93,LIGHT,"[10401, 80101, 60304, 70101, 10201, 10302]"
813,9,9,6,6,9,10,9,96,MEDIUM,"[80103, 20105, 70201, 90202, 10302]"
814,8,9,7,3,9,9,8,93,LIGHT,"[80104, 20105, 70201, 90202, 10302]"
815,8,9,6,3,9,9,8,93,LIGHT,"[10403, 20103, 20201, 70201, 90201, 10302]"
816,8,9,8,2,9,9,8,93,LIGHT,"[10306, 80103, 80104, 104, 70103]"
817,9,9,8,2,9,9,8,94,LIGHT,"[10401, 80102, 80104, 20105, 10103, 70103]"
818,9,8,6,3,9,9,8,93,LIGHT,"[20105, 70101, 70201, 10302, 10303]"
819,9,9,6,2,9,9,9,95,LIGHT,"[10403, 104, 20105, 201, 90202]"
820,9,8,7,3,9,9,8,93,LIGHT,"[801, 10401, 70201, 90203, 10302]"
821,8,9,8,2,8,9,8,92,LIGHT,"[801, 80101, 70103]"
822,9,9,6,2,9,9,8,94,LIGHT,"[10402, 20105, 90201, 10201, 70302]"
823,9,9,6,3,9,10,8,95,LIGHT,"[70201, 90203, 10102]"
824,9,9,6,3,9,9,8,94,LIGHT,"[10402, 20105, 90201, 70202, 10301]"
825,8,8,6,4,8,8,8,90,LIGHT,"[70201, 90203, 40201]"
826,8,8,6,3,9,9,8,92,LIGHT,"[10403, 90202, 40104, 70201, 10202]"
827,8,9,7,3,9,9,9,94,LIGHT,"[801, 20105, 10101, 70102, 70202]"
828,9,9,6,3,9,9,8,94,LIGHT,"[10202, 20201, 20105, 10201, 70202]"
829,9,9,7,3,9,9,8,94,LIGHT,"[80104, 10401, 70202, 10201]"
830,8,8,7,3,9,9,8,92,LIGHT,"[80102, 20105, 10104, 70201, 90203]"
831,9,9,7,2,9,9,8,94,LIGHT,"[10402, 80104, 20105, 20201, 10104, 10302]"
832,9,9,6,3,9,10,9,96,LIGHT,"[30305, 10401, 20101, 10101, 70202]"
833,9,8,6,2,9,9,8,93,LIGHT,"[10402, 10403, 201, 20105, 90201]"
834,9,9,8,3,9,9,8,94,LIGHT,"[80101, 80102, 70103, 70202, 90203]"
835,8,9,7,3,9,9,8,93,LIGHT,"[10402, 80103, 401, 70103, 70202]"
836,9,9,7,2,9,9,9,95,LIGHT,"[80102, 20105, 90203, 701, 702]"
837,8,8,5,7,9,8,7,90,MEDIUM,"[501, 90201, 70202, 10201, 50303]"
838,9,8,6,3,9,9,8,93,LIGHT,"[70201, 90203, 10403, 70301]"
839,8,9,8,2,9,9,8,93,LIGHT,"[10402, 20101, 80103, 80104, 10201, 90202]"
840,8,8,6,6,8,9,7,90,MEDIUM,"[80101, 20105, 10102, 10103, 70201]"
841,9,8,7,2,9,9,8,93,LIGHT,"[10401, 80103, 20105, 90203, 10301]"
842,9,8,6,3,9,9,8,93,LIGHT,"[10403, 20105, 70201, 70102, 90201]"
843,9,9,7,3,9,9,8,94,LIGHT,"[10401, 20101, 80102, 20105, 70201]"
844,9,8,6,3,9,9,8,93,LIGHT,"[20105, 90202, 10101, 70201]"
845,9,8,6,3,9,9,9,94,LIGHT,"[70201, 90203, 10101]"
846,9,9,6,3,9,9,9,95,LIGHT,"[20101, 40107, 70202, 10202, 701, 10302, 10303]"
847,9,8,6,3,9,9,8,93,LIGHT,"[70201, 10402, 90203, 70103]"
848,9,9,6,3,9,9,8,94,LIGHT,"[20105, 70202, 90203, 10302]"
849,8,9,7,2,8,9,8,92,LIGHT,"[10306, 80104, 20105, 301, 60304]"
850,9,9,7,2,9,9,9,95,LIGHT,"[10403, 80104, 10101, 90201, 90202]"
851,8,8,7,2,9,9,8,92,LIGHT,"[80104, 20105, 40104, 90201, 10202]"
852,8,8,7,3,9,9,8,92,LIGHT,"[10308, 80104, 40104, 70103, 70201]"
853,8,8,6,3,9,9,8,92,LIGHT,"[40104, 20105, 70103, 70201, 10201]"
854,8,8,6,3,9,9,8,92,LIGHT,"[10402, 20105, 70201, 70102, 90201]"
855,9,9,5,7,9,9,8,94,MEDIUM,"[20106, 70103, 70201, 10302, 50303]"
856,8,8,7,3,9,9,8,92,LIGHT,"[40104, 70201, 70102, 80104]"
857,9,8,6,2,9,9,8,93,LIGHT,"[10401, 10402, 20101, 20105, 70102]"
858,8,9,8,3,9,9,8,93,LIGHT,"[80101, 80103, 40104, 70202, 10202]"
859,9,8,6,3,9,9,8,93,LIGHT,"[40104, 20105, 20106, 70201, 10202, 90203]"
860,9,9,6,3,9,9,8,94,LIGHT,"[10401, 40104, 20105, 70201, 90201, 10303]"
861,9,8,6,2,9,9,9,94,LIGHT,"[90202, 20105, 90201, 10202, 10302, 10303]"
862,8,9,8,3,9,9,8,93,LIGHT,"[801, 802, 10101, 10103, 70202]"
863,9,9,8,2,9,9,8,94,LIGHT,"[30305, 80103, 80104, 20105, 90201]"
864,9,9,6,4,9,9,8,94,LIGHT,"[201, 40201, 10101, 70202, 90203]"
865,9,9,7,3,9,9,9,95,LIGHT,"[10402, 80104, 70201, 90202, 10301]"
866,8,9,5,7,9,8,7,92,MEDIUM,"[10306, 40104, 70102, 70201, 70202]"
867,9,8,7,2,9,9,8,93,LIGHT,"[80102, 20105, 10103, 10101, 70103]"
868,8,9,6,3,9,9,8,93,LIGHT,"[70201, 20105, 10302, 70103]"
869,9,9,7,3,9,9,8,94,LIGHT,"[80101, 20105, 70101, 70102, 70202]"
870,9,9,7,2,9,9,8,94,LIGHT,"[20101, 80103, 20105, 10101, 90203]"
871,9,8,6,3,9,9,8,93,LIGHT,"[10402, 20105, 70102, 70201, 10301, 10302]"
872,8,9,7,2,9,9,8,93,LIGHT,"[10402, 70102, 10302, 80103]"
873,9,9,6,3,9,9,8,94,LIGHT,"[10401, 10402, 20105, 70201, 90203]"
874,9,9,7,3,9,9,9,95,LIGHT,"[10402, 90202, 80104, 20105, 70202]"
875,9,9,8,4,9,9,8,94,LIGHT,"[80103, 80104, 60201, 60301, 70101, 10101, 70201, 70202]"
876,10,9,7,2,10,10,9,98,LIGHT,"[802, 20105, 90201, 90202, 702]"
877,9,9,7,3,9,10,9,96,LIGHT,"[10402, 80102, 20105, 70202, 90203]"
878,8,9,6,4,9,9,8,93,LIGHT,"[10401, 20105, 70102, 70201, 70202]"
879,8,9,9,2,9,9,8,93,LIGHT,"[801, 80103, 80104, 70103, 30203]"
880,8,9,6,2,9,9,8,93,LIGHT,"[20105, 20203, 80301, 10102, 30205]"
881,9,9,8,3,9,9,8,94,LIGHT,"[10401, 80103, 80104, 70202, 10302]"
882,8,8,7,2,8,8,8,90,LIGHT,"[40104, 20201, 80104, 10103, 70103]"
883,8,8,7,2,9,9,8,92,LIGHT,"[10402, 80103, 70102, 90201, 10202]"
884,8,9,6,6,9,9,9,94,MEDIUM,"[20101, 80104, 20105, 10101, 70202]"
885,9,8,7,3,9,9,8,93,LIGHT,"[10401, 80104, 20105, 10101, 70201]"
886,9,8,8,3,9,9,8,93,LIGHT,"[10402, 10403, 80101, 80102, 70201]"
887,9,9,7,3,9,10,9,96,LIGHT,"[10401, 80104, 20106, 70201, 90203]"
888,9,9,6,2,9,9,9,95,LIGHT,"[30305, 10403, 102, 20105, 702]"
889,9,9,7,2,9,9,8,94,LIGHT,"[80104, 20105, 70103, 10104, 90202]"
890,9,8,6,2,9,9,8,93,LIGHT,"[30305, 10402, 10403, 20105, 40202, 10202]"
891,7,8,3,10,7,8,7,87,HEAVY,"[70201, 90202, 70102, 50303]"
892,9,9,7,3,9,9,9,95,LIGHT,"[90201, 70201, 10404, 801]"
893,9,9,6,3,9,9,9,95,LIGHT,"[30305, 10403, 20105, 70201, 10301]"
894,9,9,6,3,9,9,8,94,LIGHT,"[10403, 20105, 70201, 90201, 10201]"
895,9,9,7,2,9,10,9,96,LIGHT,"[10401, 30305, 80104, 20105, 10303]"
896,8,8,7,3,9,9,8,92,LIGHT,"[10402, 70202, 80101, 70102]"
897,9,9,6,4,9,9,8,94,LIGHT,"[20105, 10402, 70202, 70201]"
898,8,8,8,3,9,9,8,92,LIGHT,"[801, 10306, 20101, 80103, 20105, 60301, 60304, 70201]"
899,8,8,7,6,8,9,8,91,MEDIUM,"[801, 80101, 20105, 70201, 90202]"
900,9,9,7,2,9,9,8,94,LIGHT,"[10104, 20105, 90203, 80104]"
901,9,9,6,3,9,9,8,94,LIGHT,"[20105, 10101, 70102, 90201, 70202]"
902,8,8,6,7,9,9,8,92,MEDIUM,"[80101, 20105, 70201, 10202, 50303]"
903,8,9,6,3,9,9,8,93,LIGHT,"[60303, 70202, 70102, 10103]"
904,8,9,6,3,9,9,8,93,LIGHT,"[10402, 40104, 20105, 60303, 70201]"
905,9,9,6,3,9,9,9,95,LIGHT,"[20105, 70202, 10307, 902]"
906,8,8,7,3,9,9,8,93,LIGHT,"[10403, 80104, 20105, 70102, 70202]"
907,9,9,6,2,9,9,8,94,LIGHT,"[10401, 20105, 10302]"
908,9,9,6,3,9,9,8,94,LIGHT,"[20105, 70201, 10101, 10201, 90202]"
909,9,9,7,2,9,9,9,95,LIGHT,"[10402, 80103, 20105, 10101, 90203]"
910,9,9,6,4,9,9,8,94,LIGHT,"[10401, 10403, 20101, 20105, 70201, 70202]"
911,7,8,5,5,8,8,7,88,MEDIUM,"[40104, 10202, 10403, 70102]"
912,9,9,7,3,9,9,8,94,LIGHT,"[10403, 80104, 20105, 10104, 90201, 70202]"
913,8,9,8,3,9,9,8,94,LIGHT,"[80101, 80102, 20203, 10101, 70201]"
914,9,9,7,3,9,10,9,96,LIGHT,"[80103, 20202, 20106, 70201, 10302]"
915,9,9,6,3,9,9,8,94,LIGHT,"[70201, 70102, 10102]"
916,8,9,8,2,9,9,9,94,LIGHT,"[80103, 80104, 20201, 20105, 10101]"
917,9,9,6,4,9,9,9,95,LIGHT,"[70201, 70202, 10102]"
918,9,9,7,3,9,10,8,95,LIGHT,"[80104, 20105, 10302, 70201]"
919,9,9,6,3,9,9,9,95,LIGHT,"[20105, 10101, 70201, 10202, 90203]"
920,8,9,8,3,9,9,8,92,LIGHT,"[80103, 80104, 104, 60302, 70201]"
921,8,9,7,2,8,9,8,92,LIGHT,"[10202, 70101, 80103]"
922,8,9,6,3,9,9,8,93,LIGHT,"[10304, 30305, 20105, 70102, 70201]"
923,9,9,7,2,9,9,8,94,LIGHT,"[80102, 20105, 80202, 10101, 90203]"
924,9,9,7,3,9,9,9,95,LIGHT,"[80104, 20201, 70201, 70101, 90201]"
925,9,8,7,4,9,9,8,93,LIGHT,"[10402, 80101, 20105, 40201, 70202]"
926,8,8,6,2,8,9,7,90,LIGHT,"[10402, 40107, 40206, 10103, 10201]"
927,8,9,6,6,9,9,8,93,MEDIUM,"[90201, 10402, 20101, 80103, 20105, 70201]"
928,9,9,6,3,9,9,8,94,LIGHT,"[10402, 20105, 70201, 90201, 10201]"
929,9,9,6,3,9,9,8,94,LIGHT,"[104, 20105, 70201, 90201, 702]"
930,9,8,6,3,9,9,8,93,LIGHT,"[20105, 10404, 70301, 70201]"
931,9,9,7,3,9,9,9,95,LIGHT,"[90202, 901, 80104, 20105, 70202]"
932,8,8,6,3,8,8,7,89,LIGHT,"[10305, 70201, 20105, 70103]"
933,9,9,7,3,9,9,8,94,LIGHT,"[80101, 40104, 20105, 60201, 10102, 70202]"
934,8,9,7,2,9,9,8,93,LIGHT,"[80104, 20201, 10102]"
935,8,8,6,2,9,9,8,92,LIGHT,"[30305, 20101, 20105, 70101, 10303]"
936,8,9,6,7,8,9,7,91,MEDIUM,"[801, 402, 70103, 70202, 50303]"
937,9,9,6,2,9,9,8,94,LIGHT,"[10402, 20105, 90202, 10307]"
938,8,9,7,3,9,9,8,93,LIGHT,"[801, 104, 20105, 70201, 90202]"
939,9,9,7,2,9,9,9,95,LIGHT,"[10403, 80104, 20105, 10103, 90203]"
940,9,9,7,3,9,9,8,94,LIGHT,"[80104, 20201, 70202, 10102]"
941,8,8,5,6,8,9,8,91,MEDIUM,"[10402, 902, 40104, 20105, 70201]"
942,9,9,6,3,9,9,9,95,LIGHT,"[60303, 90101, 70102, 90201, 70202]"
943,8,9,7,2,9,9,8,93,LIGHT,"[10305, 902, 80104, 20201, 70103]"
944,8,9,6,3,9,9,8,93,LIGHT,"[70201, 10402, 90202, 10101]"
945,9,9,7,3,9,9,9,95,LIGHT,"[10402, 804, 902, 104, 70202]"
946,8,8,6,2,9,9,8,92,LIGHT,"[20105, 10402, 10306, 70103]"
947,9,9,7,3,10,10,9,97,LIGHT,"[10304, 80103, 20105, 70201, 90201]"
948,8,8,6,2,9,9,8,92,LIGHT,"[10401, 20105, 90202, 70103]"
949,8,9,6,2,8,9,8,92,LIGHT,"[902, 20105, 201, 40301, 10302]"
950,9,9,7,3,9,9,8,94,LIGHT,"[10401, 80104, 20105, 70201, 90201]"
951,9,9,7,2,9,9,8,94,LIGHT,"[80104, 20105, 20203, 10104, 90201]"
952,9,9,7,2,9,9,8,94,LIGHT,"[80104, 20105, 90202, 10101]"
953,9,8,7,3,9,9,8,93,LIGHT,"[20101, 80104, 20201, 70201, 90202, 10302]"
954,9,9,7,3,9,9,9,95,LIGHT,"[10307, 80103, 20105, 70102, 70201]"
955,9,8,7,3,9,9,8,93,LIGHT,"[80104, 20105, 40104, 90201, 70202]"
956,8,9,7,2,8,9,8,92,LIGHT,"[60304, 10306, 104, 80103]"
957,9,8,6,3,9,9,8,93,LIGHT,"[10401, 20105, 50101, 90202, 50303]"
958,9,9,7,2,9,9,9,95,LIGHT,"[10401, 20105, 10101, 80103]"
959,9,9,7,3,9,9,8,94,LIGHT,"[70201, 10202, 10403, 80101]"
960,9,9,6,3,9,9,8,94,LIGHT,"[10401, 902, 201, 10103, 70201]"
961,9,9,6,4,9,9,8,94,LIGHT,"[10402, 901, 20105, 70201, 70202, 70101, 90201, 90202]"
962,8,8,7,3,9,9,8,92,LIGHT,"[10401, 804, 70102, 70202, 10302]"
963,9,9,6,3,9,9,8,94,LIGHT,"[20101, 20105, 60302, 10101, 70202]"
964,9,8,6,3,9,9,8,93,LIGHT,"[10402, 10403, 20101, 20105, 70201]"
965,9,9,8,2,9,9,8,94,LIGHT,"[80101, 80102, 10302]"
966,8,8,7,3,9,9,8,92,LIGHT,"[30305, 80101, 20101, 10105, 70202]"
967,9,9,7,2,9,9,9,95,LIGHT,"[801, 10402, 20105, 60301, 601]"
968,9,8,7,2,9,9,8,93,LIGHT,"[10404, 80102, 20105, 70103, 90202]"
969,9,9,7,3,9,9,8,94,LIGHT,"[902, 80102, 20105, 70102, 70201]"
970,9,9,6,3,9,10,9,96,LIGHT,"[10304, 20105, 70102, 70201]"
971,8,9,6,3,9,9,8,93,LIGHT,"[20105, 70202, 10101, 10102, 70103, 10201, 10202]"
972,9,9,6,3,9,9,8,94,LIGHT,"[10403, 20105, 10101, 70201, 90202]"
973,9,9,6,3,9,9,8,94,LIGHT,"[10401, 40104, 20105, 10201, 70202, 90203]"
974,8,9,6,3,9,9,8,93,LIGHT,"[40104, 70201, 10403, 10103]"
975,8,9,7,2,9,9,8,94,LIGHT,"[10304, 20105, 70102, 80104]"
976,9,9,7,3,9,9,8,94,LIGHT,"[10402, 80103, 20105, 90201, 70202]"
977,9,9,6,2,9,9,9,95,LIGHT,"[60303, 20201, 10201, 70103]"
978,9,9,7,2,9,9,8,94,LIGHT,"[801, 20105, 201, 90203, 702]"
979,8,8,8,2,9,9,8,92,LIGHT,"[10306, 802, 80103, 40104, 60303]"
980,8,9,7,2,9,9,7,92,LIGHT,"[10401, 801, 40104, 402, 70102]"
981,9,8,6,3,9,9,8,93,LIGHT,"[10305, 10403, 70102, 70201]"
982,9,8,7,2,9,9,8,93,LIGHT,"[90201, 10401, 10201, 80103]"
983,8,8,6,3,9,9,8,92,LIGHT,"[70103, 10403, 30103, 70201, 10202]"
984,9,9,6,2,9,9,9,95,LIGHT,"[10307, 902, 20103, 401, 10302]"
985,9,9,8,2,9,10,9,96,LIGHT,"[80103, 80104, 20105, 70103, 90203]"
986,8,8,7,2,8,8,7,89,LIGHT,"[10201, 20105, 70101, 80103]"
987,9,9,6,3,8,9,8,93,LIGHT,"[10401, 40104, 70201, 90201, 10301]"
988,8,8,6,3,9,9,8,92,LIGHT,"[70201, 20105, 10103]"
989,8,9,6,3,9,9,9,94,LIGHT,"[10402, 10403, 10101, 10104, 70201]"
990,9,9,7,3,9,9,8,94,LIGHT,"[80103, 20105, 70102, 70201, 10301]"
991,9,9,6,3,9,9,8,94,LIGHT,"[90202, 20101, 40107, 70103, 70202]"
992,8,9,6,4,9,9,8,93,LIGHT,"[70201, 10201, 501, 70103]"
993,9,9,7,2,9,9,8,94,LIGHT,"[10402, 80103, 20105, 90201, 10303]"
994,9,9,8,3,9,9,9,95,LIGHT,"[80103, 80104, 20105, 20201, 60302, 70202]"
995,8,8,6,2,8,9,7,90,LIGHT,"[10402, 20101, 20105, 70103, 90201]"
996,9,9,7,2,9,9,9,95,LIGHT,"[10401, 80101, 70103]"
997,8,8,8,2,9,9,8,92,LIGHT,"[802, 10403, 80104, 20203, 10303]"
998,8,8,7,3,9,9,8,92,LIGHT,"[101, 80104, 20203, 70201, 10202]"
999,9,9,6,3,9,9,8,94,LIGHT,"[10402, 10403, 20105, 70103, 70201]"
1000,9,9,6,3,9,9,8,94,LIGHT,"[20105, 70202, 10101, 10303]"
