bean_id,flavor_id
1,70103
1,70201
1,80103
1,80401
1,90101
2,10101
2,10402
2,70202
2,80103
2,20105
3,70201
3,80103
3,70101
4,80104
4,20105
4,90201
4,70103
4,10403
5,10403
5,10202
5,60304
5,80102
5,20105
6,70202
6,70201
6,80103
6,902
7,10402
7,10403
7,70102
7,70201
7,20105
8,10401
8,20105
8,90202
8,70201
9,70201
9,10304
9,80103
9,90202
9,40104
9,20105
10,10404
10,70103
10,10302
10,70201
10,20105
11,40201
11,70201
11,701
11,80104
11,902
12,80104
12,70103
12,20105
12,90201
13,70202
13,401
13,80104
13,10308
13,701
14,70103
14,70201
14,902
15,10101
15,10103
15,20105
15,70202
15,90202
16,70202
16,80103
16,10307
16,70102
16,40104
17,50101
17,70103
17,70201
17,80103
17,90201
18,10304
18,20101
18,80104
18,70202
18,80103
19,10302
19,20105
19,20103
19,90203
19,40104
20,80103
20,70201
20,60301
20,20105
20,20203
21,10302
21,10402
21,70201
21,20105
21,80104
22,10308
22,20105
22,20101
22,702
22,90201
23,10201
23,70103
23,70202
23,40104
23,50303
24,90201
24,10401
24,20105
24,70102
24,70201
25,10104
25,10202
25,20105
25,90201
25,60302
26,90203
26,70201
26,20105
26,70103
26,40104
27,10404
27,70201
27,10401
27,10402
27,40108
28,10102
28,20105
28,20101
28,10201
28,80401
29,20201
29,10302
29,20105
29,10103
29,90201
30,10202
30,70101
30,90201
30,70201
31,90201
31,20105
31,30305
31,10102
31,10403
32,10401
32,20105
32,70201
32,20201
32,10305
33,10202
33,70201
33,90203
33,80101
33,20105
34,70202
34,80102
34,10302
34,50303
34,40104
35,70201
35,70103
35,80103
35,20201
36,10102
36,10403
36,70202
36,20105
37,70102
37,80104
37,80102
37,20105
37,20101
38,10202
38,70202
38,70201
38,902
38,80103
39,10305
39,70202
39,60301
39,20105
39,40202
40,10307
40,10401
40,70102
40,80101
41,70201
41,20201
41,801
41,80103
42,90202
42,10403
42,104
42,20105
42,10104
43,10301
43,10303
43,80104
43,20201
43,20203
44,60303
44,80103
44,10305
44,70201
45,70202
45,10201
45,40104
45,40107
45,40201
45,80401
45,80301
46,60302
46,10307
46,70201
46,70202
46,40104
46,80104
47,10101
47,20105
47,70201
47,80103
48,10304
48,90201
48,70103
48,80103
48,80101
49,10304
49,70202
49,20201
49,20105
49,803
49,20103
50,10102
50,70201
50,80104
50,90201
51,70201
51,60303
51,40104
51,90201
51,10404
52,20105
52,30305
52,90202
52,90203
52,80104
53,10103
53,80103
53,20105
53,30305
54,70202
54,10202
54,30305
54,20105
54,80401
55,10303
55,70202
55,80103
55,20105
55,90201
56,10402
56,70102
56,90201
56,90202
56,20105
57,10303
57,10402
57,20105
57,40104
58,10303
58,20105
58,70201
59,20105
59,90201
59,70102
59,70201
59,80104
60,90201
60,70202
60,80104
60,80103
60,60304
60,20105
61,70102
61,801
61,80101
61,90102
61,10402
61,80104
62,10403
62,70201
62,70202
62,60303
62,80103
63,104
63,10304
63,10301
63,20105
63,20103
64,10303
64,80103
64,20105
64,30305
65,10101
65,10201
65,70102
65,70202
65,20105
66,90203
66,10403
66,104
66,80102
66,30305
67,10202
67,70103
67,70201
67,20105
67,602
68,10103
68,70202
68,80104
68,40104
69,10302
69,10403
69,20105
69,20201
69,70201
70,10403
70,20105
70,10304
70,80101
71,10101
71,20105
71,70103
71,70201
71,80103
72,10304
72,70202
72,20105
72,902
72,20103
73,10101
73,10104
73,80104
73,90203
73,20201
74,70103
74,70201
74,803
74,10403
74,90201
75,90203
75,70201
75,80104
75,20105
75,30305
76,70202
76,50303
76,10102
76,40104
76,40107
77,10306
77,70103
77,20105
77,50401
77,80103
77,90201
77,70102
77,10404
78,10403
78,70103
78,20105
79,10201
79,10601
79,20105
79,70202
79,70103
80,10103
80,10205
80,20101
80,70202
80,80101
81,10303
81,20105
81,70201
81,90202
81,80104
82,10101
82,10402
82,90202
82,20105
83,70202
83,10303
83,80102
83,80101
83,20105
84,10303
84,70202
84,20103
84,20104
84,902
85,10402
85,10403
85,70201
85,80102
85,20105
86,10403
86,20105
86,80102
86,10303
86,90202
87,70202
87,80104
87,10201
88,10101
88,70103
88,70201
88,90203
88,10401
89,10103
89,70102
89,70201
89,801
89,20105
90,70202
90,20105
90,201
90,902
90,10301
91,10401
91,10101
91,10201
91,80103
91,30305
92,70103
92,70202
92,80104
92,80103
92,20105
93,90202
93,70103
93,80101
93,80103
93,20105
94,70102
94,70202
94,10401
94,20105
94,90203
95,10404
95,20105
95,70201
96,10102
96,90203
96,70201
96,20105
97,60101
97,90103
97,10404
97,70201
97,70202
98,10402
98,70201
98,70102
98,20105
98,802
99,10401
99,10202
99,70103
99,70202
99,20105
100,90203
100,104
100,10301
100,70103
100,80104
101,10401
101,20105
101,10101
101,90203
101,70201
102,10304
102,70103
102,20105
102,20101
102,90201
103,10103
103,70201
103,80104
103,10404
103,20201
104,10104
104,10403
104,70201
104,80103
105,70201
105,70102
105,80104
105,80103
106,10402
106,20105
106,70103
106,70201
106,902
107,10104
107,70201
107,70102
107,90203
107,801
108,70202
108,80104
108,40104
108,80103
109,10402
109,70201
109,80104
109,20105
109,20101
110,10103
110,10403
110,20105
110,70103
110,70201
111,90201
111,70202
111,10202
111,70103
112,70202
112,10402
112,10202
112,70103
112,30305
113,70102
113,70201
113,80103
113,10201
113,90201
114,60302
114,80103
114,80101
114,70101
114,70201
115,10401
115,10402
115,90202
115,10201
115,70201
116,70102
116,80104
116,10201
116,20105
117,10101
117,90203
117,70201
117,301
117,20105
118,10104
118,20203
118,70103
118,80103
118,90201
119,10403
119,90202
119,20105
119,502
120,70201
120,90202
120,70102
120,801
120,20105
121,10303
121,70103
121,70202
121,20105
122,10202
122,10402
122,70201
122,90203
122,80104
123,20101
123,20105
123,40102
123,40202
123,70102
123,70201
124,10401
124,20105
124,70102
124,70201
124,80104
125,10104
125,10403
125,80102
125,20105
125,30305
126,10402
126,10303
126,90201
126,20105
126,60303
127,10101
127,10403
127,70103
127,801
127,80101
128,10308
128,80102
128,702
128,20105
128,90202
129,70103
129,80101
129,10408
129,70201
129,20105
130,10305
130,20105
130,20101
130,70202
130,80102
131,10202
131,70103
131,10403
131,20105
131,40104
132,70201
132,10402
132,70102
132,80103
132,90202
133,10401
133,20101
133,90202
133,40104
133,70101
134,10403
134,20105
134,30305
134,70101
134,70102
135,10402
135,20105
135,70201
135,80104
135,70101
136,10303
136,70201
136,80103
136,20105
137,10401
137,90201
137,70201
137,80104
137,10307
138,10104
138,70202
138,20203
138,804
138,902
139,80103
139,20101
140,10102
140,10402
140,10403
140,70202
140,70101
141,10302
141,70102
141,90203
141,70201
141,80102
142,10402
142,20105
142,70202
142,20104
142,20103
143,10103
143,20105
143,80102
143,70202
143,40104
144,10102
144,70102
144,80104
144,80103
144,20105
145,70201
145,10401
145,70102
145,80104
146,10102
146,80104
146,90203
146,40104
147,90201
147,10402
147,10403
147,20105
147,70201
147,70202
148,70202
148,20104
148,20101
148,80103
148,501
149,90201
149,90202
149,80201
149,70201
149,20105
149,201
150,10201
150,60301
150,70103
150,20105
150,201
151,10202
151,80103
151,10403
151,10401
152,20201
152,20203
152,10401
152,70201
152,80103
153,70201
153,80103
153,60303
153,104
154,90201
154,20105
154,70201
154,60301
154,80104
155,80102
155,70202
155,10201
155,10202
155,40104
156,10101
156,20105
156,70201
156,40104
157,90202
157,70202
157,10402
157,90201
157,40104
158,70201
158,70102
158,10201
158,90202
158,40104
159,10101
159,90202
159,80103
159,20105
160,10402
160,10201
160,10305
160,20105
160,20101
160,60301
160,90202
161,70102
161,70202
161,10202
161,50303
162,20201
162,70202
162,80101
162,10402
162,10403
163,10102
163,80102
163,70201
163,20105
163,90203
164,10307
164,80102
164,70201
164,20105
165,10202
165,10402
165,70201
165,70202
165,20103
166,10101
166,70202
166,10402
166,60304
166,40104
167,10202
167,80102
167,20105
167,90202
168,10101
168,70103
168,70201
168,20105
168,20203
169,10402
169,20105
169,20101
169,70103
169,70201
169,90201
170,10403
170,10102
170,10201
170,70103
170,70201
170,20105
171,10104
171,70201
171,10403
171,20105
171,90202
172,10403
172,80102
172,20105
172,70103
172,90202
173,10403
173,10101
173,40104
173,70201
173,80104
174,10104
174,10402
174,10403
174,70202
174,80103
175,10401
175,20203
175,10305
176,10402
176,10101
176,70201
176,20105
176,90201
177,10103
177,20105
177,70102
177,70201
177,80104
178,10101
178,80103
178,70102
178,20105
179,10402
179,10307
179,80103
179,20106
179,40104
180,10402
180,901
180,90201
180,602
180,802
181,90203
181,70201
181,10402
181,10403
181,20105
182,10303
182,20105
182,70202
182,10401
183,10404
183,70202
183,10101
183,10103
183,20105
183,201
184,10101
184,20201
184,10201
184,70201
184,90203
185,90103
185,70103
185,101
185,40107
185,80103
185,501
186,70202
186,70102
186,80104
186,60303
186,80103
187,60303
187,70201
187,10202
187,80103
188,10302
188,70202
188,20105
188,40202
189,10303
189,20106
189,20105
189,70202
189,10401
190,10303
190,10402
190,70201
190,80104
190,20105
191,10101
191,70103
191,70201
191,20105
191,90202
192,10101
192,70201
192,80103
192,20101
192,90203
193,10402
193,40107
193,70201
193,20105
193,602
194,10404
194,80101
194,10201
194,10103
194,20105
194,60304
195,20101
195,20203
195,70103
195,70201
195,90203
196,10202
196,10403
196,20105
196,70201
196,20101
197,10401
197,70202
197,20105
197,201
197,90203
198,70103
198,10305
198,80103
198,20105
198,60301
199,10404
199,20105
199,70103
199,70201
199,90202
200,10305
200,70201
200,10403
200,30305
200,20203
201,10403
201,70201
201,20105
201,90201
201,80104
202,10404
202,20105
202,70201
202,10202
202,90203
203,70103
203,70201
203,80103
203,40104
203,10201
203,20106
204,10202
204,10402
204,80101
204,901
204,90203
205,90201
205,70202
205,10302
205,20105
205,10402
206,10302
206,80103
206,80101
206,40201
207,10102
207,70103
207,70202
207,90203
207,20105
208,10201
208,70201
208,70101
208,40104
209,10201
209,70202
209,70102
209,70101
210,10402
210,70202
210,20105
210,30305
211,10401
211,70202
211,40104
211,60101
212,10202
212,80101
212,80102
212,20105
212,701
213,10103
213,20203
213,702
213,90202
214,10101
214,20105
214,70201
214,60301
214,80103
215,70202
215,901
215,90201
215,20105
215,70103
216,20105
216,90201
216,70201
216,70102
217,10101
217,10402
217,70201
217,20105
217,20101
218,10402
218,70201
218,70202
218,20105
218,90202
219,10404
219,10402
219,10401
219,70202
219,70201
220,10102
220,10403
220,80104
220,70201
220,20105
221,10307
221,10404
221,70101
221,70201
221,80104
222,10401
222,10302
222,80103
222,20105
222,70201
223,10305
223,20105
223,70202
223,70103
223,80103
224,10402
224,70103
224,70201
224,90201
224,80104
225,10102
225,70103
225,70201
225,90203
225,10402
226,90201
226,80103
226,20105
226,30301
226,10402
227,10103
227,70202
227,40104
228,10403
228,20105
228,80104
228,80103
228,10102
229,10402
229,20101
229,10101
230,70201
230,80103
230,90202
230,20105
230,30305
231,10101
231,20201
231,80102
231,80101
231,20105
231,70103
232,20101
232,70103
232,70101
232,70201
232,80104
233,10201
233,70201
233,70202
233,40104
233,90202
234,10303
234,10401
234,80102
234,70103
234,20105
235,10402
235,20105
235,70103
235,702
235,701
236,10201
236,90201
236,90202
236,80103
236,80104
237,90203
237,10403
237,104
237,20105
237,702
238,10402
238,20105
238,80104
238,90201
238,30305
239,10402
239,90202
239,70201
239,10401
239,30301
240,70202
240,80101
240,20105
240,90201
240,201
241,10101
241,10401
241,70101
241,70202
241,90201
242,10202
242,10402
242,90201
242,70201
243,10402
243,90201
243,70201
243,80104
243,30305
244,10101
244,10201
244,20105
244,90201
244,30305
245,10101
245,70202
245,80104
245,10403
246,10401
246,20105
246,20101
246,201
246,30305
246,70201
247,70202
247,80104
247,20202
247,20203
247,20105
248,80104
248,10305
248,70102
248,90202
248,80103
249,70202
249,80104
249,10403
249,20105
249,70102
249,90201
250,90201
250,70103
250,70201
250,10302
250,20105
251,20105
251,90203
251,10102
251,70103
251,70201
252,20105
252,902
252,10307
252,802
252,70103
252,40104
253,10401
253,20105
253,90202
253,70201
253,80104
254,20105
254,10105
254,10103
254,70202
254,20201
255,10101
255,10402
255,20105
255,70201
255,90202
256,10102
256,70201
256,90201
256,20201
257,10104
257,20105
257,70201
257,30301
258,10104
258,10403
258,10401
258,20105
258,70201
259,10306
259,70103
259,20105
259,80104
260,70202
260,10303
260,80104
260,30305
260,20105
261,90201
261,90202
261,10307
261,80103
261,20105
262,70202
262,50303
262,80103
262,10202
262,803
263,80103
263,10308
263,70201
264,80103
264,10403
264,10402
264,10306
264,70201
265,10202
265,70103
265,90201
265,901
265,20105
266,10402
266,20105
266,902
267,10101
267,20105
267,90201
267,80103
267,70202
268,10103
268,70102
268,70202
268,20201
268,90201
269,10402
269,70201
269,10201
269,20105
269,201
270,20105
270,90202
270,70103
270,70201
270,70202
270,90201
271,10104
271,70201
271,901
271,80104
271,20105
271,20201
272,20105
272,20203
272,70202
272,80104
272,104
272,10301
273,10202
273,40107
273,50303
273,70201
273,501
273,40201
274,10202
274,10403
274,20105
274,80103
274,201
275,70202
275,90202
275,70102
275,80103
276,10302
276,20105
276,80104
276,90201
277,70102
277,70201
278,90201
278,80101
278,70103
278,10402
278,20105
279,60301
279,80104
279,10403
279,20105
279,10301
280,10302
280,80101
280,80102
280,20105
280,40104
281,70103
281,10306
281,70201
281,20105
282,20203
282,10401
282,502
282,40107
283,902
283,801
283,10202
283,70102
284,10104
284,20201
284,70202
284,80104
284,20203
285,70201
285,80102
285,10302
285,80103
286,10202
286,20105
286,70201
286,40104
286,90203
287,10202
287,20105
287,80101
287,80102
287,90201
288,10304
288,70103
288,20105
288,20101
289,90201
289,80104
289,20105
289,20101
289,10402
290,601
290,70101
290,70103
290,70201
290,70202
290,902
291,10403
291,20105
291,70201
291,30305
291,801
292,10302
292,10403
292,20105
292,20201
292,60304
293,10101
293,10402
293,70103
293,80104
293,90201
294,10401
294,10403
294,70201
294,10302
294,20105
294,30305
295,10103
295,10201
295,20105
295,70103
295,70201
296,10104
296,10102
296,80102
296,80101
297,10104
297,20105
297,70201
297,80104
298,10402
298,10401
298,10201
298,40201
298,70201
298,80104
298,20105
299,10402
299,20201
299,70202
299,802
299,80103
300,10102
300,80102
300,901
300,70103
300,20105
301,10102
301,70103
301,70201
301,10401
302,10103
302,20101
302,20203
302,70202
302,90203
303,10102
303,20105
303,70103
303,80103
303,80101
304,10101
304,20105
304,70201
304,80104
305,10104
305,70201
305,70102
305,90202
305,20105
306,10302
306,70201
306,80104
306,20105
306,90202
307,10303
307,10403
307,70102
307,70201
307,80104
308,10402
308,70201
308,70301
308,10302
308,20105
309,80104
309,10202
309,701
309,10401
309,702
310,10402
310,201
310,60304
310,70202
310,10201
311,10101
311,10404
311,20105
311,80104
311,90203
312,20105
312,90203
312,80102
312,70103
312,70201
313,10301
313,10401
313,106
313,20106
313,70103
314,10101
314,20105
314,70103
314,70201
314,90203
315,10104
315,10304
315,20105
315,70103
315,90201
316,10102
316,10401
316,20105
316,40104
316,90203
317,10403
317,80101
317,70201
317,20105
317,90202
318,10103
318,10104
318,20105
318,20103
318,70202
318,60304
319,10402
319,70101
319,80103
319,20105
319,90203
320,80101
320,80103
320,20105
320,601
321,10102
321,10404
321,20105
321,90201
321,90202
322,70102
322,70201
322,70202
322,80103
322,804
323,60302
323,10307
323,80103
323,70202
323,902
324,70103
324,70201
324,10302
324,40104
325,70201
325,801
325,10303
325,80101
325,20105
326,10402
326,70102
326,70101
326,90201
326,20105
327,20105
327,90201
327,10307
327,10403
327,70201
327,40104
328,70102
328,70201
328,801
328,803
328,10308
329,80101
329,60303
329,70202
329,70102
329,70201
330,10102
330,70201
330,20105
330,90201
330,70102
331,10104
331,10401
331,90203
331,70201
332,10101
332,10402
332,70202
332,90202
332,20105
333,10102
333,70202
333,902
334,70102
334,70202
334,50303
334,40107
334,60302
335,70202
335,80102
335,10305
335,20105
336,10401
336,20105
336,20203
336,40104
336,90201
337,70202
337,80102
337,70102
337,80101
337,20105
338,70201
338,80101
338,90202
339,10305
339,20105
339,70101
339,80104
340,70202
340,80101
340,60303
340,60301
340,70101
340,40107
341,70201
341,80101
341,10201
341,60303
342,10202
342,70102
342,80104
342,80103
342,20105
343,10403
343,20105
343,30305
343,70201
343,80102
344,10404
344,70201
344,70102
344,20105
344,10302
345,10104
345,20105
345,70102
345,90203
345,70201
346,10102
346,90202
346,20105
346,60301
347,80102
347,90201
347,10103
347,70103
347,10301
348,10202
348,10402
348,70202
348,30305
349,10401
349,90201
349,70103
349,20201
350,70201
350,10101
350,10102
350,40104
350,80104
351,10402
351,70202
351,90201
351,80104
351,20105
351,10305
352,70201
352,40104
352,801
352,10302
353,10201
353,70101
353,80103
353,70202
354,70201
354,70103
354,90202
354,80103
354,20105
355,10101
355,20201
355,10201
355,70202
355,90202
356,90203
356,104
356,20105
356,70103
356,10101
357,70202
357,80102
357,10307
357,80101
357,90201
358,10402
358,70103
358,20105
358,803
358,702
359,10303
359,10401
359,70103
359,80104
360,90202
360,10402
360,10401
360,20105
360,70201
361,80102
361,70102
361,90201
361,10305
361,80101
362,10304
362,20201
362,40202
362,40108
362,80104
363,10402
363,90201
363,90202
363,70201
363,70202
364,10104
364,10201
364,20105
364,20203
364,702
365,10104
365,20105
365,70102
365,70201
365,20202
366,10202
366,20105
366,70103
366,90203
366,10403
366,70201
367,70201
367,70101
367,904
367,10306
368,70202
368,701
368,80104
368,90201
368,20106
369,10101
369,10103
369,20105
369,70202
369,40104
370,10101
370,20105
370,70202
370,80201
370,90201
371,10102
371,70201
371,80103
371,80101
371,90203
372,10404
372,10201
372,701
372,70202
372,90203
373,10102
373,70103
373,80102
373,80101
373,20105
374,90203
374,70201
374,20105
374,104
374,10000
375,10403
375,10303
375,20105
375,70201
375,902
376,10302
376,20105
376,70201
376,30305
376,90201
377,10302
377,70103
377,802
377,20105
377,20101
378,70202
378,70103
378,804
378,90201
378,20105
379,70201
379,70103
379,90202
379,80104
380,10305
380,20103
380,80201
380,701
380,70201
381,10102
381,70202
381,80102
381,40104
382,10201
382,80104
382,70102
382,70201
382,80103
382,20105
383,10404
383,10402
383,70201
383,90201
383,70202
384,10202
384,70201
384,80103
384,20105
384,902
385,10401
385,10201
385,20105
385,80104
386,80103
386,70201
386,802
386,10202
387,10403
387,90201
387,90202
387,70201
387,20105
388,70202
388,10303
388,20105
388,30301
388,90302
389,90201
389,70103
389,104
389,80103
389,20105
390,10402
390,70201
390,70101
390,40104
390,80103
391,10402
391,70202
391,80102
391,70102
391,20105
392,70102
392,70202
392,80102
392,80101
392,10201
393,80101
393,80102
393,10201
393,70103
393,70102
394,10401
394,80103
394,20105
394,90203
395,70103
395,90201
395,10403
395,10306
395,40301
396,10402
396,10201
396,20105
396,70201
396,80101
396,90201
397,10402
397,70202
397,70103
397,20105
397,80104
398,10404
398,70201
398,20105
398,20101
398,30305
399,10402
399,10403
399,80102
399,70103
399,902
400,10102
400,70202
400,80103
400,80301
400,90202
401,10103
401,20105
401,70201
401,80103
402,10102
402,80103
402,60303
402,70201
403,70202
403,80103
403,10307
403,20105
403,902
404,90201
404,10402
404,70103
404,70202
404,70201
405,10308
405,70103
405,70201
405,80102
405,80104
406,10101
406,10201
406,20105
406,20201
406,70202
406,90203
407,10305
407,20101
407,70201
407,70101
407,80104
408,90202
408,90203
408,70201
408,70202
408,10201
409,20105
409,90202
409,70201
409,70202
409,10403
410,10102
410,70103
410,70201
410,80103
410,90201
411,70102
411,80103
411,802
411,40104
412,80104
412,10102
412,20105
412,90201
412,901
413,10402
413,10403
413,90203
413,104
413,20105
414,70102
414,70201
414,80102
414,20105
414,30305
415,10104
415,80104
415,90201
415,70202
415,20105
416,10202
416,70101
416,70201
416,70102
416,90202
417,70201
417,10402
417,10403
417,90203
417,20105
418,10101
418,10103
418,20105
418,70201
418,90202
419,10403
419,10301
419,20105
419,70201
419,80104
420,70202
420,801
420,80101
420,50303
420,10302
421,20105
421,10403
421,10304
421,70202
421,80104
422,10302
422,70103
422,80103
422,40202
422,40104
423,10201
423,70202
423,20105
423,70103
423,40104
424,10302
424,10403
424,80103
424,80104
424,20105
425,10103
425,20105
425,70201
425,70202
426,90202
426,10403
426,70103
426,20105
427,10403
427,10101
427,10306
427,80104
427,70201
428,10402
428,70202
428,80104
428,90202
429,10402
429,20105
429,90203
429,70103
429,70201
430,70201
430,40107
430,601
430,20101
431,10102
431,20105
431,80104
431,90201
431,30305
432,70201
432,70202
432,10302
432,40104
432,80102
433,10401
433,10307
433,90201
433,90203
433,20105
434,10202
434,70201
434,10402
434,90203
434,20105
435,70102
435,80104
435,80103
435,40104
436,80102
436,10201
436,20105
436,70103
436,20101
436,70201
437,10201
437,20105
437,70201
437,90201
437,90202
437,40201
438,10302
438,70102
438,80103
438,80101
439,70201
439,80103
439,80101
439,90202
440,70201
440,70103
440,801
440,80101
441,10402
441,90201
441,70102
441,80103
441,901
442,10104
442,70202
442,60302
442,10401
443,10401
443,20105
443,60301
443,80104
443,90202
444,10103
444,10301
444,70103
444,20105
445,10202
445,70201
445,10403
445,20105
446,80104
446,70102
446,70101
446,90201
446,10201
447,70202
447,70201
447,70103
447,10306
447,902
448,10302
448,10402
448,70201
448,20105
448,70202
449,10201
449,20101
449,20105
449,40104
449,80101
450,70202
450,10308
450,80103
450,90201
451,10303
451,70201
451,70102
451,10404
451,20105
452,10301
452,40104
452,70201
452,80104
452,90202
453,70201
453,80104
453,90201
453,80103
453,501
454,10102
454,70201
454,70202
454,30305
454,801
455,70202
455,70201
455,801
455,90203
456,10401
456,10101
456,20105
456,30305
457,10304
457,20105
457,80104
457,70201
457,90201
458,10102
458,10403
458,80104
458,40104
458,30305
459,10401
459,90201
459,70201
459,20105
459,70202
460,10202
460,70202
460,80104
460,20105
460,20101
461,10103
461,70103
461,80103
461,80104
461,20105
462,10202
462,40104
462,70201
462,20105
462,90203
463,70103
463,80103
463,70201
463,40104
464,50101
464,40107
464,40201
464,10402
464,80103
465,10201
465,70202
465,80102
465,80101
465,70103
465,90203
465,20105
466,10402
466,20105
466,30305
466,70201
466,90202
467,90203
467,10307
467,70103
467,80103
467,20105
468,10103
468,80104
468,70201
468,20105
468,40104
469,70102
469,80103
469,10308
469,10403
470,10101
470,10403
470,20105
470,90202
470,70202
471,10302
471,70103
471,70201
471,80104
471,20201
472,70202
472,90202
472,802
472,108
473,10402
473,20105
473,10302
473,10403
474,10202
474,20105
474,20101
474,803
474,90202
474,70201
475,10103
475,70103
475,20105
475,40104
476,10403
476,102
476,70201
476,80104
476,20105
477,10103
477,60302
477,60303
477,60304
477,20201
477,70202
477,70201
478,10402
478,10202
478,90201
478,30305
478,20105
479,10303
479,10402
479,20101
479,40104
479,70102
480,70102
480,70201
480,80104
480,10404
480,902
481,10302
481,80102
481,70202
481,801
481,20105
482,80103
482,90202
482,104
482,20201
482,20105
482,40106
482,301
483,90201
483,10402
483,20105
483,80102
483,70202
484,10103
484,70202
484,10403
484,30201
485,10103
485,70103
485,70201
486,10403
486,20105
486,40104
486,80103
487,90103
487,80103
487,10307
487,20105
487,90201
488,70101
488,80103
488,10402
488,90203
489,70201
489,70304
489,20105
489,20101
489,80104
490,70102
490,10306
490,70201
490,20105
490,201
491,10402
491,10403
491,20101
491,40104
491,90203
492,10402
492,70201
492,20105
492,80103
493,10201
493,20101
493,20105
493,80104
494,90203
494,10307
494,70103
494,702
494,40104
495,20105
495,20101
495,60304
495,70201
495,10202
496,10202
496,20203
496,70103
496,70201
496,40104
497,10101
497,10404
497,80102
497,80101
497,20105
498,10402
498,80101
498,80102
498,10208
498,20105
499,70103
499,80103
499,10402
499,60303
499,80101
500,10102
500,70201
500,80103
500,20105
501,10403
501,20105
501,70201
501,10202
501,10102
502,70202
502,80101
502,10202
502,20105
502,30305
503,10404
503,702
503,801
503,20105
503,10101
504,10101
504,10102
504,10402
504,702
504,80104
505,10101
505,10103
505,10403
505,702
505,20105
506,10303
506,80103
506,70103
506,20105
506,40202
507,10101
507,20105
507,60303
507,90201
507,80104
508,10401
508,10202
508,70202
508,701
508,20105
509,60302
509,70201
509,10201
509,104
509,20105
510,10201
510,70103
510,70202
510,40201
510,50303
511,10101
511,70102
511,80104
511,90203
511,20105
512,10101
512,10401
512,10202
512,80103
512,20105
512,90203
513,10101
513,20201
513,801
513,901
513,10304
513,20105
514,10401
514,10403
514,70202
514,90201
514,20105
515,10401
515,60301
515,701
515,702
515,80104
516,10202
516,70103
516,70201
516,20105
516,90202
517,10102
517,10403
517,80104
517,20105
518,70202
518,80102
518,70102
518,10201
519,20105
519,80103
519,60201
519,80101
519,10402
519,80104
520,40107
520,70201
520,70102
520,80101
520,20203
521,10102
521,70201
521,10402
521,90201
522,10306
522,20201
522,90201
522,90202
522,70201
522,10303
523,10302
523,10403
523,701
523,70201
523,20105
524,20105
524,70103
524,70201
524,90203
524,10401
525,10101
525,70202
525,70102
525,20201
525,10403
526,10202
526,70102
526,70201
526,80104
526,20105
527,10401
527,10301
527,90203
527,70103
527,20105
528,80104
528,501
528,902
528,20105
528,30301
529,10301
529,80104
529,20105
529,10102
530,10303
530,20105
530,20101
530,70201
531,10202
531,20105
531,90201
531,80104
531,70201
532,10303
532,70202
532,70103
532,20105
533,10303
533,80103
533,70202
533,80101
533,70201
534,10201
534,70102
534,10402
534,20105
534,20101
535,60301
535,60304
535,70201
535,80103
536,90201
536,10202
536,70103
536,70201
536,80104
537,10103
537,10401
537,90202
537,70201
538,10102
538,70202
538,80104
538,20105
539,70202
539,10303
539,80103
539,30305
539,80104
540,10102
540,20201
540,70202
540,80104
541,10404
541,90201
541,70103
541,20105
541,90203
542,10403
542,801
542,20105
542,702
542,902
543,70202
543,70102
543,10303
543,10305
544,80104
544,80103
544,702
544,20105
544,60303
545,901
545,90203
545,10402
545,70201
545,80104
546,70202
546,10302
546,90203
546,40104
546,70103
547,10104
547,70201
547,70202
547,70103
547,40104
548,10402
548,10401
548,70201
548,90202
548,20105
549,10301
549,50303
549,20105
549,601
549,50301
549,20201
549,20102
549,60304
550,10102
550,20201
550,70201
550,70202
550,80104
551,10101
551,20105
551,20101
551,30305
552,20105
552,70202
552,10102
552,80103
553,10104
553,70103
553,80104
553,20105
553,902
554,10401
554,70101
554,70202
554,10101
554,10201
555,70103
555,80102
555,80104
555,10103
555,10302
556,10402
556,80103
556,70103
556,801
556,70201
557,10103
557,70201
557,10402
558,10202
558,70202
558,80101
558,80104
558,20105
558,40104
559,10403
559,20105
559,70202
559,70201
559,20101
560,10303
560,70103
560,70201
560,10402
560,20105
561,10302
561,20105
561,80101
561,90203
562,70202
562,70102
562,20105
562,20101
562,30103
563,70102
563,70201
563,80104
563,10201
564,10101
564,80104
564,90202
564,40104
564,60302
565,70201
565,70202
565,10402
565,60304
566,80104
566,80103
566,90203
566,70201
566,10202
566,40104
566,70102
567,80104
567,10403
567,90202
567,70102
567,70201
568,90203
568,10402
568,10202
568,70201
568,20105
569,80201
569,70202
569,20105
569,20101
569,10106
570,70202
570,801
570,40107
570,10402
570,70101
571,10104
571,70202
571,10401
571,20105
571,20101
572,70202
572,801
572,20201
572,20105
573,10102
573,10401
573,70202
573,70103
573,80104
574,10404
574,20101
574,20103
574,90202
574,70202
575,70201
575,10302
575,801
575,90203
575,80104
575,20105
576,10401
576,10101
576,70202
576,20105
576,90203
577,70101
577,70201
577,801
577,902
577,201
578,10101
578,10401
578,20105
578,20101
578,70201
578,901
578,90202
579,10103
579,80104
579,70101
579,70201
579,20201
580,10102
580,20105
580,20201
580,70103
581,10103
581,80104
581,80103
581,902
582,90201
582,10103
582,80104
582,70101
582,60303
583,10102
583,10403
583,20105
583,20201
583,70201
584,70201
584,70202
584,10403
584,501
584,30305
585,10201
585,70202
585,70102
585,403
585,40201
585,10402
586,10101
586,10102
586,10103
586,80101
586,70201
587,90202
587,10202
587,70201
587,80104
587,20105
588,10104
588,20201
588,90201
588,702
589,90201
589,10402
589,20105
589,70202
589,80104
590,10201
590,70201
590,70102
590,40104
590,80103
591,80103
591,105
591,50402
591,40104
591,20202
592,10104
592,70201
592,80102
593,10404
593,90201
593,90202
593,70201
593,80104
594,10403
594,70202
594,20105
594,80104
594,90201
595,70202
595,10302
595,10401
596,10104
596,70202
596,70103
596,20201
597,10304
597,70102
597,20105
597,30301
597,90201
598,10202
598,80104
598,20105
598,90202
598,70201
599,90203
599,10307
599,10404
599,20105
599,40104
600,20105
600,80101
600,80102
600,70201
600,10305
601,70201
601,80103
601,40202
601,80101
601,20101
601,20103
601,20104
602,10304
602,10305
602,10306
602,20101
602,20103
602,70201
602,70202
602,70301
602,90202
603,10201
603,80101
603,70201
603,40104
604,10302
604,70103
604,20105
605,10402
605,10101
605,20105
605,70103
605,70202
605,90203
606,10202
606,20105
606,70202
606,90201
606,90202
607,10403
607,10401
607,70201
607,80103
607,80104
608,10201
608,70201
608,50303
608,40104
609,70103
609,70201
609,90201
609,80103
609,80104
610,10401
610,10402
610,90201
610,90203
610,40104
611,10102
611,80104
611,70103
611,902
612,10403
612,80103
612,40202
612,801
612,20105
613,10402
613,801
613,80101
613,10305
613,40104
614,10202
614,70103
614,70201
614,90202
614,801
615,20105
615,70103
615,70201
615,80103
615,902
616,10102
616,70202
616,801
616,20105
616,902
617,70201
617,10202
617,801
617,201
617,40104
618,10403
618,80104
618,70102
618,70201
619,10404
619,10201
619,70201
619,70202
620,10102
620,70201
620,80103
620,40104
620,80101
621,70202
621,60303
621,60301
621,40302
621,10302
622,80103
622,70101
622,10308
622,20105
622,30103
623,10402
623,10303
623,70201
623,20105
623,30305
624,70102
624,70201
624,10205
624,20105
625,10201
625,20105
625,40104
625,70101
625,80104
626,10103
626,10403
626,70201
626,40108
627,10401
627,80103
627,90203
627,10101
627,201
628,10101
628,10403
628,70201
628,80104
628,20201
629,10202
629,20105
629,70201
629,80104
629,80201
630,10402
630,90201
630,70201
630,80104
630,20105
631,70201
631,90202
631,901
631,20201
632,10402
632,90201
632,702
632,20105
633,10301
633,70103
633,20105
633,70201
633,80104
634,10402
634,702
634,80103
634,20105
634,80104
635,10202
635,10301
635,10402
635,20203
636,10104
636,20105
636,70102
636,70103
636,70201
637,70103
637,90201
637,10201
637,40104
637,20105
638,10101
638,80103
638,60303
639,10104
639,80103
639,80102
639,20105
640,10401
640,10403
640,20105
640,70201
640,90202
641,10402
641,20105
641,70201
641,90201
641,10103
642,10403
642,80103
642,70103
642,90203
642,20105
643,10404
643,20105
643,20203
643,70201
643,70202
644,10101
644,20105
644,70202
644,40201
644,60303
645,10302
645,70102
645,70101
645,70201
645,10401
645,20105
646,70103
646,70201
646,80104
646,10409
646,60302
647,70202
647,20105
647,90202
647,40104
647,40201
648,10201
648,20105
648,20101
648,30305
648,70201
648,80104
649,10302
649,80102
649,80101
649,20105
649,40104
650,70201
650,10302
650,40104
651,10402
651,90202
651,70102
651,20105
651,702
652,10302
652,10402
652,70103
652,80104
652,902
653,10306
653,70101
653,70201
653,80104
653,802
654,10201
654,60302
654,70201
654,80103
655,90202
655,10402
655,70103
655,70201
655,20105
656,10404
656,70103
656,70201
656,20105
657,70202
657,90201
657,10403
657,80101
657,20105
658,70201
658,90201
658,80103
658,80104
658,20105
659,10303
659,20105
659,10402
659,70103
659,70201
660,70202
660,10402
660,20105
660,80104
661,10304
661,902
661,802
661,70201
661,20105
662,10101
662,10404
662,70202
662,90201
663,10102
663,10404
663,20105
663,70201
664,10304
664,10307
664,90201
664,90202
664,70201
665,10401
665,70103
665,20105
665,70201
666,10101
666,20201
666,80101
667,60303
667,60304
667,10401
667,102
667,10306
668,10302
668,70201
668,70202
668,80101
668,20101
669,90201
669,90202
669,10403
669,20105
669,20101
670,70102
670,10306
670,10403
670,20105
670,40104
671,10302
671,60303
671,60301
671,20105
672,10402
672,70201
672,90201
672,802
672,20105
673,10303
673,20105
673,10403
673,70201
673,90202
674,10101
674,70103
674,20105
674,40104
674,201
675,10302
675,10403
675,70103
675,20105
675,90202
676,10107
676,20105
676,70103
676,80104
676,90202
677,70102
677,70202
677,80103
677,80101
677,902
678,10402
678,20105
678,70201
678,201
679,20105
679,90201
679,10402
679,10202
679,80102
680,10102
680,70102
680,90201
680,80104
681,10202
681,10201
681,10403
681,20105
681,70201
682,20105
682,10402
682,90203
682,70201
683,10402
683,20105
683,70103
683,70201
683,90202
684,70201
684,70202
684,10402
684,10302
684,70103
685,10103
685,10201
685,20105
685,90201
685,70201
686,10104
686,20201
686,20203
686,70201
686,40108
687,10402
687,10101
687,10201
687,70202
688,70201
688,40107
688,50301
688,50303
689,10402
689,20105
689,10101
689,90202
689,70201
690,10102
690,70201
690,70202
690,80101
691,10404
691,40201
691,70201
691,10307
691,10401
691,80104
691,104
692,90201
692,70201
692,10305
692,10403
692,20105
693,10303
693,70102
693,70201
693,20105
694,10402
694,70103
694,20105
694,90202
694,10104
695,10304
695,10402
695,20105
695,40104
695,70201
695,80103
696,10104
696,10404
696,20105
696,40104
697,10102
697,70201
697,80101
697,80104
698,70201
698,70101
698,601
698,10402
698,10302
699,70202
699,80103
699,80101
699,10402
699,60303
700,10404
700,10101
700,20105
700,20201
701,70201
701,80103
701,801
701,10104
701,20105
701,902
702,80103
702,70102
702,70201
702,901
702,10402
703,10307
703,80104
703,70103
703,902
703,10402
704,80102
704,90201
704,70301
704,80103
704,40104
705,10403
705,20105
705,70103
705,70201
705,90202
706,10101
706,20105
706,70201
706,80103
706,80101
707,70202
707,80103
707,80101
707,80104
707,10201
708,70201
708,70101
708,801
708,10403
708,20105
709,10102
709,10402
709,80104
709,70201
710,10101
710,20105
710,70103
710,70202
710,80103
711,90202
711,10404
711,10401
711,70202
711,104
711,10104
712,70103
712,70202
712,80102
712,80103
712,10308
713,80102
713,70202
713,20105
713,90203
713,40302
714,70102
714,70201
714,10302
714,20105
714,30301
714,40201
715,80101
715,10401
715,70202
715,201
715,104
716,10303
716,20105
716,70202
716,90201
717,10104
717,70201
717,80104
717,40104
718,10104
718,80104
718,70201
718,102
718,20105
719,70201
719,70103
719,10307
719,40104
719,80104
720,10202
720,10402
720,20105
720,90201
720,40104
720,70201
721,10402
721,70103
721,70202
721,70201
721,20105
722,90201
722,90202
722,104
722,70201
722,80103
723,10302
723,10402
723,20201
723,20103
723,30305
724,10104
724,10403
724,90201
724,702
724,20201
725,10202
725,20105
725,70103
725,70201
725,80104
726,10101
726,10102
726,10401
726,20105
726,70202
727,20105
727,40104
727,80103
727,90202
727,90201
728,10303
728,10402
728,80103
728,80101
728,20105
729,10201
729,70202
729,10302
729,90202
729,70102
729,80103
730,80102
730,10402
730,702
730,20105
730,70202
731,10402
731,90201
731,90203
731,70202
731,80104
732,90201
732,70202
732,10302
732,70103
732,40104
733,10403
733,70201
733,40104
733,70103
733,20105
734,10302
734,70102
734,60303
734,70201
735,10104
735,70201
735,80103
735,90202
735,20105
736,40104
736,20105
736,10101
736,80103
736,60302
737,80103
737,70103
737,90203
737,70201
738,10304
738,20105
738,70103
738,10404
738,70101
739,10101
739,90201
739,20105
739,70202
739,80103
740,10303
740,20105
740,70103
740,90203
740,80103
741,20201
741,10402
741,70202
741,80104
742,10402
742,70103
742,80104
742,90201
742,20105
743,80103
743,60302
743,60303
743,10201
744,10402
744,701
744,70103
744,90203
744,10103
745,10101
745,20105
745,90202
745,801
745,102
746,501
746,70202
746,60304
746,402
746,80103
747,10402
747,70202
747,802
747,801
747,20105
748,10302
748,70201
748,70202
748,70101
748,401
749,10402
749,20105
749,70202
749,80104
749,80103
750,10401
750,70202
750,80104
750,90201
750,20105
751,70103
751,70201
751,70202
751,80103
751,50303
752,70202
752,10302
752,40107
753,10202
753,70101
753,70201
753,40104
754,10405
754,70202
754,80104
754,90201
754,20105
755,10307
755,902
755,70103
755,20105
755,201
756,90201
756,70201
756,80104
756,10403
756,90202
757,10301
757,10304
757,20105
757,90202
757,70201
758,10401
758,80103
758,90201
758,801
758,20105
759,10305
759,20105
759,70103
759,80103
759,80104
760,10102
760,10403
760,20105
760,20101
760,70103
760,90203
761,10401
761,70201
761,10303
761,20105
761,20101
762,10101
762,20201
762,70103
762,70201
762,901
763,10401
763,20105
763,10202
763,702
763,902
764,70102
764,70201
764,70202
764,40104
765,10303
765,70201
765,20105
765,70202
765,602
766,10302
766,20201
766,70201
766,80103
766,20105
767,10401
767,70102
767,801
768,70202
768,70201
768,80103
768,801
768,10202
769,10308
769,10401
769,20201
769,70201
769,80103
769,80104
770,10201
770,80103
770,10403
770,40104
771,10103
771,70202
771,80103
771,10404
771,20105
772,70202
772,80101
772,10201
772,90201
773,10402
773,70201
773,80104
773,20105
773,20203
774,10304
774,70201
774,10403
774,20105
774,90201
775,10403
775,20105
775,30305
775,80102
775,70201
776,10101
776,70202
776,80103
777,10101
777,10201
777,10402
777,20101
777,90201
777,70202
778,10101
778,10402
778,90203
778,20105
778,20201
779,70102
779,70201
779,80103
779,10308
779,40104
780,10404
780,90202
780,70201
780,20103
780,20203
781,90201
781,10302
781,80102
781,70201
781,20105
782,10101
782,20105
782,70103
782,70202
783,10101
783,70102
783,70201
783,20105
783,80102
783,90201
784,70102
784,70201
784,80103
784,80104
784,902
785,10201
785,80104
785,70102
785,20202
785,80103
786,10202
786,70103
786,20101
786,90203
787,70202
787,70103
787,10403
787,20105
787,90202
788,10102
788,70103
788,10403
788,70201
788,40201
789,10401
789,20105
789,30301
789,90202
790,10201
790,70201
790,40104
790,20106
791,10404
791,20105
791,70201
791,40104
791,902
792,10402
792,40104
792,70102
792,90202
793,10101
793,10401
793,20105
793,70101
793,70202
793,80103
794,10103
794,70202
794,20105
794,20101
794,104
795,10104
795,10402
795,70201
795,90203
795,20105
796,10403
796,10102
796,20105
796,70201
796,80104
797,10101
797,20201
797,90201
797,70202
797,60304
798,10102
798,10202
798,80103
798,90202
798,20105
799,70201
799,10302
799,70103
799,10402
799,10401
800,10101
800,20105
800,70202
801,10402
801,20105
801,70103
801,70201
801,90202
802,10302
802,70103
802,80103
802,20101
802,90201
803,70201
803,70103
803,20105
803,90301
803,40104
804,70201
804,90201
804,80104
804,70103
804,40104
805,10101
805,70103
805,80104
805,20105
805,90202
806,20203
806,10305
806,70202
806,80104
806,20105
807,10401
807,80102
807,10202
807,702
807,20105
808,70102
808,80103
808,80104
808,104
808,20105
809,10401
809,10301
809,70201
809,20105
809,40104
810,10101
810,20105
810,70201
811,10104
811,101
811,20201
811,701
812,80101
812,10401
812,60304
812,10201
812,10302
812,70101
813,90202
813,10302
813,70201
813,80103
813,20105
814,10302
814,70201
814,80104
814,20105
814,90202
815,90201
815,70201
815,10302
815,10403
815,20201
815,20103
816,10306
816,70103
816,80103
816,80104
816,104
817,10103
817,70103
817,80102
817,80104
817,20105
817,10401
818,10303
818,10302
818,20105
818,70101
818,70201
819,90202
819,20105
819,201
819,10403
819,104
820,90203
820,801
820,70201
820,10401
820,10302
821,70103
821,801
821,80101
822,10402
822,70302
822,20105
822,90201
822,10201
823,10102
823,90203
823,70201
824,10301
824,10402
824,70202
824,20105
824,90201
825,70201
825,40201
825,90203
826,10202
826,10403
826,70201
826,40104
826,90202
827,10101
827,70102
827,70202
827,801
827,20105
828,10201
828,70202
828,20105
828,20201
828,10202
829,70202
829,80104
829,10401
829,10201
830,90203
830,80102
830,10104
830,20105
830,70201
831,10104
831,10302
831,10402
831,80104
831,20105
831,20201
832,10401
832,70202
832,20101
832,10101
832,30305
833,90201
833,10402
833,10403
833,20105
833,201
834,80101
834,80102
834,70103
834,70202
834,90203
835,70202
835,70103
835,401
835,10402
835,80103
836,20105
836,90203
836,80102
836,701
836,702
837,10201
837,70202
837,501
837,50303
837,90201
838,10403
838,90203
838,70301
838,70201
839,10201
839,10402
839,80103
839,80104
839,90202
839,20101
840,70201
840,10103
840,10102
840,20105
840,80101
841,10401
841,10301
841,80103
841,20105
841,90203
842,10403
842,70102
842,70201
842,20105
842,90201
843,10401
843,80102
843,70201
843,20105
843,20101
844,10101
844,20105
844,70201
844,90202
845,10101
845,70201
845,90203
846,10202
846,10303
846,10302
846,20101
846,40107
846,701
846,70202
847,90203
847,10402
847,70103
847,70201
848,90203
848,10302
848,70202
848,20105
849,10306
849,80104
849,60304
849,301
849,20105
850,10101
850,10403
850,90201
850,90202
850,80104
851,10202
851,20105
851,80104
851,90201
851,40104
852,70103
852,70201
852,80104
852,10308
852,40104
853,70201
853,70103
853,10201
853,40104
853,20105
854,10402
854,20105
854,70102
854,70201
854,90201
855,20106
855,70201
855,10302
855,70103
855,50303
856,70102
856,70201
856,40104
856,80104
857,10402
857,10401
857,70102
857,20105
857,20101
858,70202
858,80103
858,80101
858,10202
858,40104
859,10202
859,20106
859,20105
859,70201
859,90203
859,40104
860,10401
860,10303
860,20105
860,90201
860,40104
860,70201
861,10202
861,10303
861,10302
861,20105
861,90201
861,90202
862,10101
862,10103
862,801
862,802
862,70202
863,80103
863,90201
863,20105
863,80104
863,30305
864,10101
864,70202
864,90203
864,201
864,40201
865,10402
865,80104
865,90202
865,70201
865,10301
866,70202
866,70201
866,40104
866,70102
866,10306
867,10101
867,10103
867,70103
867,80102
867,20105
868,70201
868,10302
868,70103
868,20105
869,80101
869,70102
869,70101
869,70202
869,20105
870,10101
870,80103
870,90203
870,20105
870,20101
871,10402
871,20105
871,70102
871,10301
871,10302
871,70201
872,10302
872,70102
872,10402
872,80103
873,10402
873,70201
873,90203
873,20105
873,10401
874,10402
874,70202
874,80104
874,90202
874,20105
875,10101
875,70201
875,70202
875,70101
875,80103
875,80104
875,60301
875,60201
876,90201
876,90202
876,802
876,20105
876,702
877,10402
877,70202
877,90203
877,80102
877,20105
878,10401
878,70202
878,70102
878,70201
878,20105
879,70103
879,80103
879,80104
879,801
879,30203
880,10102
880,20203
880,20105
880,30205
880,80301
881,10302
881,70202
881,80104
881,10401
881,80103
882,10103
882,20201
882,40104
882,70103
882,80104
883,10202
883,10402
883,70102
883,80103
883,90201
884,70202
884,80104
884,10101
884,20105
884,20101
885,10101
885,10401
885,70201
885,80104
885,20105
886,10402
886,10403
886,80101
886,80102
886,70201
887,10401
887,70201
887,20106
887,90203
887,80104
888,10403
888,102
888,702
888,20105
888,30305
889,10104
889,80104
889,70103
889,90202
889,20105
890,10402
890,10403
890,20105
890,40202
890,30305
890,10202
891,70201
891,70102
891,50303
891,90202
892,10404
892,70201
892,90201
892,801
893,20105
893,10403
893,10301
893,70201
893,30305
894,10403
894,10201
894,70201
894,90201
894,20105
895,10303
895,10401
895,80104
895,20105
895,30305
896,70202
896,70102
896,80101
896,10402
897,10402
897,20105
897,70201
897,70202
898,70201
898,80103
898,801
898,20105
898,20101
898,60301
898,60304
898,10306
899,70201
899,801
899,80101
899,20105
899,90202
900,10104
900,80104
900,90203
900,20105
901,10101
901,20105
901,70202
901,70102
901,90201
902,70201
902,80101
902,10202
902,50303
902,20105
903,10103
903,60303
903,70202
903,70102
904,70201
904,60303
904,10402
904,20105
904,40104
905,70202
905,10307
905,902
905,20105
906,70102
906,70202
906,80104
906,20105
906,10403
907,10302
907,10401
907,20105
908,10101
908,10201
908,90202
908,70201
908,20105
909,10402
909,80103
909,20105
909,10101
909,90203
910,10401
910,10403
910,20101
910,70202
910,70201
910,20105
911,10202
911,40104
911,70102
911,10403
912,10104
912,10403
912,80104
912,90201
912,70202
912,20105
913,10101
913,70201
913,80102
913,80101
913,20203
914,10302
914,20202
914,20106
914,70201
914,80103
915,10102
915,70102
915,70201
916,10101
916,20201
916,20105
916,80103
916,80104
917,10102
917,70202
917,70201
918,10302
918,20105
918,70201
918,80104
919,10101
919,10202
919,70201
919,90203
919,20105
920,70201
920,80104
920,60302
920,80103
920,104
921,80103
921,70101
921,10202
922,10304
922,70201
922,70102
922,20105
922,30305
923,10101
923,20105
923,90203
923,80102
923,80202
924,90201
924,20201
924,80104
924,70201
924,70101
925,10402
925,70202
925,80101
925,20105
925,40201
926,10402
926,40107
926,10103
926,10201
926,40206
927,90201
927,80103
927,10402
927,20105
927,70201
927,20101
928,70201
928,10201
928,10402
928,20105
928,90201
929,90201
929,702
929,70201
929,104
929,20105
930,10404
930,70301
930,20105
930,70201
931,70202
931,20105
931,90202
931,901
931,80104
932,70103
932,70201
932,10305
932,20105
933,70202
933,80101
933,20105
933,10102
933,40104
933,60201
934,10102
934,20201
934,80104
935,10303
935,20105
935,70101
935,20101
935,30305
936,70103
936,70202
936,50303
936,801
936,402
937,90202
937,20105
937,10307
937,10402
938,70201
938,801
938,90202
938,104
938,20105
939,90203
939,10103
939,10403
939,80104
939,20105
940,10102
940,20201
940,70202
940,80104
941,70201
941,10402
941,902
941,20105
941,40104
942,70102
942,70202
942,90201
942,90101
942,60303
943,10305
943,70103
943,80104
943,902
943,20201
944,10101
944,10402
944,90202
944,70201
945,70202
945,10402
945,902
945,804
945,104
946,10402
946,10306
946,20105
946,70103
947,10304
947,80103
947,90201
947,70201
947,20105
948,10401
948,20105
948,70103
948,90202
949,10302
949,902
949,20105
949,201
949,40301
950,10401
950,90201
950,80104
950,70201
950,20105
951,10104
951,80104
951,90201
951,20203
951,20105
952,10101
952,20105
952,80104
952,90202
953,20101
953,20201
953,10302
953,70201
953,90202
953,80104
954,10307
954,80103
954,70201
954,20105
954,70102
955,70202
955,90201
955,80104
955,20105
955,40104
956,60304
956,80103
956,104
956,10306
957,10401
957,20105
957,90202
957,50101
957,50303
958,10101
958,10401
958,20105
958,80103
959,70201
959,10202
959,10403
959,80101
960,10401
960,70201
960,10103
960,201
960,902
961,10402
961,20105
961,90201
961,90202
961,70101
961,70202
961,70201
961,901
962,10401
962,70202
962,70102
962,10302
962,804
963,10101
963,70202
963,20105
963,20101
963,60302
964,10402
964,10403
964,70201
964,20105
964,20101
965,10302
965,80102
965,80101
966,10105
966,20101
966,70202
966,80101
966,30305
967,60301
967,601
967,801
967,10402
967,20105
968,10404
968,20105
968,80102
968,70103
968,90202
969,70201
969,70102
969,80102
969,20105
969,902
970,10304
970,20105
970,70102
970,70201
971,10101
971,10102
971,10201
971,10202
971,70103
971,70202
971,20105
972,10403
972,20105
972,70201
972,90202
972,10101
973,10401
973,20105
973,10201
973,70202
973,40104
973,90203
974,10103
974,10403
974,70201
974,40104
975,10304
975,20105
975,70102
975,80104
976,90201
976,10402
976,20105
976,80103
976,70202
977,20201
977,70103
977,60303
977,10201
978,90203
978,801
978,702
978,20105
978,201
979,60303
979,80103
979,10306
979,40104
979,802
980,10401
980,70102
980,40104
980,801
980,402
981,10305
981,10403
981,70102
981,70201
982,80103
982,90201
982,10401
982,10201
983,10403
983,70201
983,10202
983,70103
983,30103
984,10307
984,902
984,10302
984,401
984,20103
985,80104
985,80103
985,70103
985,20105
985,90203
986,10201
986,70101
986,80103
986,20105
987,10401
987,10301
987,70201
987,90201
987,40104
988,10103
988,70201
988,20105
989,10101
989,10104
989,10402
989,10403
989,70201
990,10301
990,70201
990,70102
990,20105
990,80103
991,20101
991,70202
991,90202
991,40107
991,70103
992,10201
992,501
992,70103
992,70201
993,10402
993,90201
993,20105
993,10303
993,80103
994,20105
994,20201
994,60302
994,70202
994,80103
994,80104
995,10402
995,70103
995,20105
995,20101
995,90201
996,10401
996,70103
996,80101
997,10303
997,80104
997,802
997,10403
997,20203
998,10202
998,20203
998,70201
998,80104
998,101
999,70103
999,70201
999,10402
999,10403
999,20105
1000,10303
1000,10101
1000,70202
1000,20105
