bean_id,rating,aroma,acidity,body,flavor,aftertaste
1,92,9.0,8.0,8.0,9.0,8.0
2,95,9.0,9.0,9.0,9.0,9.0
3,90,8.0,8.0,9.0,8.0,7.0
4,93,9.0,9.0,8.0,9.0,8.0
5,91,8.0,8.0,8.0,9.0,8.0
6,92,8.0,8.0,9.0,9.0,8.0
7,94,9.0,9.0,9.0,9.0,8.0
8,95,9.0,9.0,9.0,9.0,9.0
9,91,8.0,9.0,8.0,9.0,7.0
10,92,8.0,8.0,9.0,9.0,8.0
11,91,8.0,8.0,8.0,9.0,8.0
12,93,9.0,8.0,9.0,9.0,8.0
13,90,8.0,8.0,8.0,8.0,8.0
14,91,8.0,8.0,9.0,9.0,7.0
15,94,9.0,9.0,9.0,9.0,8.0
16,91,8.0,8.0,8.0,9.0,8.0
17,92,9.0,8.0,8.0,9.0,8.0
18,94,9.0,9.0,9.0,9.0,8.0
19,94,9.0,9.0,9.0,9.0,8.0
20,93,9.0,8.0,9.0,9.0,8.0
21,94,9.0,9.0,9.0,9.0,8.0
22,92,9.0,8.0,8.0,9.0,8.0
23,91,8.0,8.0,8.0,9.0,8.0
24,96,9.0,9.0,9.0,10.0,9.0
25,94,9.0,9.0,9.0,9.0,8.0
26,93,9.0,9.0,8.0,9.0,8.0
27,94,9.0,9.0,9.0,9.0,8.0
28,95,9.0,9.0,9.0,9.0,9.0
29,94,9.0,9.0,9.0,9.0,8.0
30,90,8.0,8.0,8.0,8.0,8.0
31,95,9.0,9.0,9.0,9.0,9.0
32,95,9.0,9.0,9.0,9.0,9.0
33,93,9.0,8.0,9.0,9.0,8.0
34,91,9.0,8.0,8.0,9.0,7.0
35,92,8.0,8.0,9.0,9.0,8.0
36,94,9.0,9.0,9.0,9.0,8.0
37,93,9.0,8.0,9.0,9.0,8.0
38,93,9.0,9.0,8.0,9.0,8.0
39,94,9.0,9.0,9.0,9.0,8.0
40,92,9.0,8.0,8.0,9.0,8.0
41,96,9.0,9.0,9.0,10.0,9.0
42,92,9.0,8.0,8.0,9.0,8.0
43,92,9.0,8.0,8.0,9.0,8.0
44,93,9.0,8.0,9.0,9.0,8.0
45,90,8.0,7.0,9.0,9.0,7.0
46,93,9.0,8.0,9.0,9.0,8.0
47,93,9.0,8.0,9.0,9.0,8.0
48,93,9.0,8.0,9.0,9.0,8.0
49,95,9.0,9.0,9.0,9.0,9.0
50,93,9.0,9.0,8.0,9.0,8.0
51,91,8.0,8.0,8.0,9.0,8.0
52,93,9.0,8.0,9.0,9.0,8.0
53,93,9.0,8.0,9.0,9.0,8.0
54,93,9.0,8.0,9.0,9.0,8.0
55,93,9.0,9.0,8.0,9.0,8.0
56,93,9.0,8.0,8.0,9.0,9.0
57,90,8.0,8.0,8.0,9.0,7.0
58,96,9.0,9.0,9.0,10.0,9.0
59,93,9.0,9.0,8.0,9.0,8.0
60,94,9.0,9.0,9.0,9.0,8.0
61,92,9.0,8.0,8.0,9.0,8.0
62,94,9.0,9.0,9.0,9.0,8.0
63,95,9.0,9.0,9.0,9.0,9.0
64,92,9.0,8.0,8.0,9.0,8.0
65,95,9.0,9.0,9.0,9.0,9.0
66,95,9.0,9.0,9.0,9.0,9.0
67,95,9.0,9.0,9.0,9.0,9.0
68,93,9.0,8.0,9.0,9.0,8.0
69,95,9.0,9.0,9.0,9.0,9.0
70,94,9.0,9.0,9.0,9.0,8.0
71,95,9.0,9.0,9.0,9.0,9.0
72,93,9.0,8.0,8.0,9.0,9.0
73,95,9.0,9.0,9.0,9.0,9.0
74,92,8.0,8.0,9.0,9.0,8.0
75,94,9.0,9.0,9.0,9.0,8.0
76,92,8.0,8.0,9.0,9.0,8.0
77,92,9.0,8.0,8.0,9.0,8.0
78,93,9.0,9.0,8.0,9.0,8.0
79,94,9.0,9.0,9.0,9.0,8.0
80,94,9.0,9.0,9.0,9.0,8.0
81,92,9.0,8.0,8.0,9.0,8.0
82,92,8.0,8.0,9.0,9.0,8.0
83,94,9.0,9.0,9.0,9.0,8.0
84,94,9.0,9.0,9.0,9.0,8.0
85,94,9.0,9.0,9.0,9.0,8.0
86,94,9.0,9.0,8.0,9.0,9.0
87,92,8.0,8.0,9.0,9.0,8.0
88,95,9.0,9.0,9.0,9.0,9.0
89,93,9.0,8.0,9.0,9.0,8.0
90,93,9.0,9.0,8.0,9.0,8.0
91,93,9.0,8.0,9.0,9.0,8.0
92,92,9.0,8.0,8.0,9.0,8.0
93,92,9.0,8.0,8.0,9.0,8.0
94,94,9.0,9.0,9.0,9.0,8.0
95,92,9.0,8.0,8.0,9.0,8.0
96,94,9.0,9.0,9.0,9.0,8.0
97,94,9.0,9.0,9.0,9.0,8.0
98,91,8.0,8.0,8.0,9.0,8.0
99,92,9.0,8.0,8.0,9.0,8.0
100,94,9.0,9.0,9.0,9.0,8.0
101,95,9.0,9.0,9.0,9.0,9.0
102,94,9.0,9.0,9.0,9.0,8.0
103,94,9.0,9.0,9.0,9.0,8.0
104,93,9.0,9.0,8.0,9.0,8.0
105,91,8.0,8.0,9.0,8.0,8.0
106,93,9.0,8.0,9.0,9.0,8.0
107,90,8.0,8.0,8.0,8.0,8.0
108,93,9.0,8.0,9.0,9.0,8.0
109,93,9.0,8.0,9.0,9.0,8.0
110,93,9.0,9.0,8.0,9.0,8.0
111,93,9.0,8.0,9.0,9.0,8.0
112,92,9.0,8.0,8.0,9.0,8.0
113,92,9.0,8.0,8.0,9.0,8.0
114,93,9.0,9.0,8.0,9.0,8.0
115,95,9.0,9.0,9.0,9.0,9.0
116,91,8.0,8.0,8.0,9.0,8.0
117,93,9.0,9.0,8.0,9.0,8.0
118,94,9.0,9.0,9.0,9.0,8.0
119,93,9.0,8.0,9.0,9.0,8.0
120,92,9.0,8.0,8.0,9.0,8.0
121,95,9.0,9.0,9.0,9.0,9.0
122,94,9.0,9.0,9.0,9.0,8.0
123,91,9.0,8.0,9.0,8.0,7.0
124,93,9.0,9.0,8.0,9.0,8.0
125,94,9.0,9.0,9.0,9.0,8.0
126,93,9.0,9.0,8.0,9.0,8.0
127,93,9.0,9.0,8.0,9.0,8.0
128,93,9.0,9.0,8.0,9.0,8.0
129,94,9.0,9.0,9.0,9.0,8.0
130,90,8.0,8.0,8.0,8.0,8.0
131,93,9.0,9.0,8.0,9.0,8.0
132,91,9.0,8.0,9.0,8.0,7.0
133,92,9.0,8.0,8.0,9.0,8.0
134,91,8.0,8.0,8.0,9.0,8.0
135,91,9.0,8.0,8.0,9.0,7.0
136,95,9.0,9.0,9.0,9.0,9.0
137,93,9.0,9.0,8.0,9.0,8.0
138,92,9.0,8.0,8.0,9.0,8.0
139,92,9.0,8.0,8.0,9.0,8.0
140,94,9.0,9.0,9.0,9.0,8.0
141,92,9.0,8.0,8.0,9.0,8.0
142,93,9.0,8.0,9.0,9.0,8.0
143,95,9.0,9.0,9.0,9.0,9.0
144,96,9.0,9.0,9.0,10.0,9.0
145,93,9.0,8.0,9.0,9.0,8.0
146,95,9.0,9.0,9.0,9.0,9.0
147,96,9.0,9.0,9.0,10.0,9.0
148,93,9.0,8.0,9.0,9.0,8.0
149,93,9.0,9.0,8.0,9.0,8.0
150,92,9.0,8.0,9.0,9.0,7.0
151,91,8.0,8.0,8.0,9.0,8.0
152,94,9.0,9.0,9.0,9.0,8.0
153,90,8.0,8.0,8.0,9.0,7.0
154,95,9.0,9.0,9.0,9.0,9.0
155,92,9.0,8.0,8.0,9.0,8.0
156,95,9.0,9.0,9.0,9.0,9.0
157,94,9.0,9.0,9.0,9.0,8.0
158,90,8.0,8.0,8.0,8.0,8.0
159,93,9.0,9.0,8.0,9.0,8.0
160,96,9.0,9.0,10.0,10.0,8.0
161,87,8.0,7.0,7.0,8.0,7.0
162,94,9.0,9.0,9.0,9.0,8.0
163,93,9.0,8.0,9.0,9.0,8.0
164,94,9.0,9.0,9.0,9.0,8.0
165,90,8.0,8.0,8.0,9.0,7.0
166,94,9.0,9.0,9.0,9.0,8.0
167,93,9.0,9.0,8.0,9.0,8.0
168,94,9.0,9.0,9.0,9.0,9.0
169,93,9.0,9.0,8.0,9.0,8.0
170,93,9.0,9.0,8.0,9.0,8.0
171,95,9.0,9.0,9.0,9.0,9.0
172,95,9.0,9.0,9.0,9.0,9.0
173,92,9.0,8.0,8.0,9.0,8.0
174,94,9.0,9.0,9.0,9.0,8.0
175,94,9.0,9.0,9.0,9.0,8.0
176,92,9.0,8.0,8.0,9.0,8.0
177,95,9.0,9.0,9.0,9.0,9.0
178,94,9.0,9.0,9.0,9.0,8.0
179,94,9.0,9.0,9.0,9.0,8.0
180,94,9.0,9.0,9.0,9.0,8.0
181,93,9.0,9.0,8.0,9.0,8.0
182,94,9.0,9.0,8.0,9.0,9.0
183,94,9.0,9.0,9.0,9.0,8.0
184,95,9.0,9.0,9.0,9.0,9.0
185,94,9.0,9.0,9.0,9.0,8.0
186,92,8.0,8.0,9.0,9.0,8.0
187,93,9.0,8.0,9.0,9.0,8.0
188,93,9.0,8.0,9.0,9.0,8.0
189,94,9.0,9.0,9.0,9.0,8.0
190,93,9.0,9.0,8.0,9.0,8.0
191,94,9.0,9.0,9.0,9.0,8.0
192,92,9.0,8.0,8.0,9.0,8.0
193,92,9.0,8.0,8.0,9.0,8.0
194,93,9.0,8.0,9.0,9.0,8.0
195,96,9.0,9.0,9.0,10.0,9.0
196,95,9.0,9.0,9.0,9.0,9.0
197,94,9.0,9.0,9.0,9.0,8.0
198,91,8.0,8.0,9.0,8.0,8.0
199,94,9.0,9.0,9.0,9.0,8.0
200,93,9.0,8.0,9.0,9.0,8.0
201,94,9.0,9.0,9.0,9.0,8.0
202,93,9.0,9.0,8.0,9.0,8.0
203,92,9.0,8.0,9.0,9.0,7.0
204,93,9.0,9.0,8.0,9.0,8.0
205,94,9.0,9.0,9.0,9.0,8.0
206,93,9.0,9.0,8.0,9.0,8.0
207,93,9.0,8.0,9.0,9.0,8.0
208,88,8.0,7.0,8.0,8.0,7.0
209,93,9.0,8.0,9.0,9.0,8.0
210,93,9.0,8.0,9.0,9.0,8.0
211,92,8.0,8.0,9.0,9.0,8.0
212,93,9.0,8.0,9.0,9.0,8.0
213,93,9.0,9.0,8.0,9.0,8.0
214,94,9.0,9.0,9.0,9.0,8.0
215,94,9.0,8.0,9.0,9.0,9.0
216,93,8.0,9.0,9.0,9.0,8.0
217,94,9.0,9.0,9.0,9.0,8.0
218,93,9.0,9.0,8.0,9.0,8.0
219,93,9.0,8.0,9.0,9.0,8.0
220,93,9.0,8.0,9.0,9.0,8.0
221,92,9.0,8.0,8.0,9.0,8.0
222,94,9.0,9.0,9.0,9.0,8.0
223,93,9.0,8.0,9.0,9.0,8.0
224,92,8.0,8.0,9.0,9.0,8.0
225,95,9.0,9.0,9.0,9.0,9.0
226,94,9.0,9.0,9.0,9.0,8.0
227,93,9.0,8.0,9.0,9.0,8.0
228,93,9.0,9.0,8.0,9.0,8.0
229,93,9.0,9.0,8.0,9.0,8.0
230,92,8.0,8.0,9.0,9.0,8.0
231,93,9.0,9.0,8.0,9.0,8.0
232,93,9.0,9.0,8.0,9.0,8.0
233,91,8.0,8.0,8.0,9.0,8.0
234,93,9.0,9.0,8.0,9.0,8.0
235,94,9.0,9.0,9.0,9.0,8.0
236,92,9.0,8.0,8.0,9.0,8.0
237,96,9.0,9.0,9.0,10.0,9.0
238,96,9.0,9.0,9.0,10.0,9.0
239,94,9.0,9.0,9.0,9.0,8.0
240,94,9.0,9.0,9.0,9.0,8.0
241,95,9.0,9.0,9.0,9.0,9.0
242,94,9.0,9.0,9.0,9.0,8.0
243,93,9.0,8.0,9.0,9.0,8.0
244,92,9.0,8.0,8.0,9.0,8.0
245,95,9.0,9.0,9.0,9.0,9.0
246,95,9.0,9.0,9.0,9.0,9.0
247,93,9.0,8.0,9.0,9.0,8.0
248,92,9.0,8.0,8.0,9.0,8.0
249,94,9.0,9.0,9.0,9.0,8.0
250,93,9.0,8.0,9.0,9.0,8.0
251,96,9.0,9.0,9.0,10.0,9.0
252,93,9.0,8.0,9.0,9.0,8.0
253,93,9.0,8.0,9.0,9.0,8.0
254,94,9.0,9.0,9.0,9.0,8.0
255,95,9.0,9.0,9.0,9.0,9.0
256,94,9.0,9.0,9.0,9.0,8.0
257,93,9.0,9.0,8.0,9.0,8.0
258,95,9.0,9.0,9.0,9.0,9.0
259,91,8.0,8.0,8.0,9.0,8.0
260,93,9.0,9.0,8.0,9.0,8.0
261,94,9.0,9.0,9.0,9.0,8.0
262,84,7.0,6.0,7.0,7.0,7.0
263,92,9.0,8.0,8.0,9.0,8.0
264,92,9.0,8.0,8.0,9.0,8.0
265,94,9.0,9.0,9.0,9.0,8.0
266,93,9.0,8.0,9.0,9.0,8.0
267,96,9.0,9.0,9.0,10.0,9.0
268,91,8.0,8.0,8.0,9.0,8.0
269,95,9.0,9.0,9.0,9.0,9.0
270,94,9.0,9.0,9.0,9.0,8.0
271,92,9.0,8.0,8.0,9.0,8.0
272,94,9.0,9.0,9.0,9.0,8.0
273,94,9.0,8.0,9.0,9.0,9.0
274,92,9.0,8.0,8.0,9.0,8.0
275,93,9.0,8.0,9.0,9.0,8.0
276,95,9.0,9.0,9.0,10.0,8.0
277,88,8.0,7.0,8.0,8.0,7.0
278,94,9.0,9.0,9.0,9.0,8.0
279,93,9.0,8.0,9.0,9.0,8.0
280,92,9.0,8.0,9.0,9.0,7.0
281,93,9.0,8.0,9.0,9.0,8.0
282,94,9.0,9.0,9.0,9.0,8.0
283,92,9.0,8.0,8.0,9.0,8.0
284,93,9.0,8.0,9.0,9.0,8.0
285,93,9.0,8.0,9.0,9.0,8.0
286,92,9.0,8.0,8.0,9.0,8.0
287,93,9.0,9.0,8.0,9.0,8.0
288,93,9.0,9.0,8.0,9.0,8.0
289,95,9.0,9.0,9.0,9.0,9.0
290,93,9.0,9.0,8.0,9.0,8.0
291,92,8.0,8.0,9.0,9.0,8.0
292,93,9.0,9.0,8.0,9.0,8.0
293,95,9.0,9.0,9.0,9.0,9.0
294,94,9.0,9.0,9.0,9.0,8.0
295,95,9.0,9.0,9.0,9.0,9.0
296,93,9.0,9.0,8.0,9.0,8.0
297,94,9.0,8.0,9.0,9.0,9.0
298,95,9.0,9.0,9.0,9.0,9.0
299,94,9.0,9.0,9.0,9.0,8.0
300,94,9.0,9.0,9.0,9.0,8.0
301,93,9.0,9.0,8.0,9.0,8.0
302,93,9.0,8.0,9.0,9.0,8.0
303,94,9.0,9.0,9.0,9.0,8.0
304,93,9.0,9.0,8.0,9.0,8.0
305,93,9.0,8.0,9.0,9.0,8.0
306,94,9.0,9.0,9.0,9.0,8.0
307,93,9.0,8.0,9.0,9.0,8.0
308,94,9.0,9.0,9.0,9.0,8.0
309,93,9.0,9.0,8.0,9.0,8.0
310,94,9.0,9.0,9.0,9.0,8.0
311,94,9.0,9.0,9.0,9.0,8.0
312,94,9.0,9.0,9.0,9.0,8.0
313,95,9.0,9.0,9.0,9.0,9.0
314,93,9.0,8.0,9.0,9.0,8.0
315,93,9.0,9.0,8.0,9.0,8.0
316,93,9.0,9.0,8.0,9.0,8.0
317,91,9.0,8.0,8.0,9.0,7.0
318,96,10.0,8.0,9.0,10.0,9.0
319,92,9.0,8.0,9.0,8.0,8.0
320,94,9.0,9.0,9.0,9.0,8.0
321,97,10.0,9.0,9.0,10.0,9.0
322,88,8.0,7.0,8.0,8.0,7.0
323,90,8.0,8.0,8.0,8.0,8.0
324,92,9.0,8.0,8.0,9.0,8.0
325,92,9.0,8.0,8.0,9.0,8.0
326,92,8.0,8.0,9.0,9.0,8.0
327,94,9.0,9.0,9.0,9.0,8.0
328,92,9.0,8.0,8.0,9.0,8.0
329,92,9.0,8.0,9.0,9.0,7.0
330,95,9.0,9.0,9.0,9.0,9.0
331,93,9.0,8.0,9.0,9.0,8.0
332,96,10.0,9.0,9.0,10.0,8.0
333,93,9.0,8.0,9.0,9.0,8.0
334,92,9.0,8.0,8.0,9.0,8.0
335,93,9.0,9.0,8.0,9.0,8.0
336,95,9.0,9.0,9.0,9.0,9.0
337,92,9.0,8.0,8.0,9.0,8.0
338,94,9.0,9.0,9.0,9.0,8.0
339,93,9.0,9.0,8.0,9.0,8.0
340,93,9.0,8.0,9.0,9.0,8.0
341,92,9.0,8.0,8.0,9.0,8.0
342,93,9.0,8.0,9.0,9.0,8.0
343,92,9.0,8.0,8.0,9.0,8.0
344,93,9.0,9.0,8.0,9.0,8.0
345,94,9.0,9.0,9.0,9.0,8.0
346,95,9.0,9.0,9.0,9.0,9.0
347,93,9.0,8.0,9.0,9.0,8.0
348,94,9.0,8.0,9.0,9.0,9.0
349,93,9.0,9.0,8.0,9.0,8.0
350,91,8.0,8.0,8.0,9.0,8.0
351,95,9.0,9.0,8.0,10.0,9.0
352,90,8.0,8.0,8.0,8.0,8.0
353,88,8.0,7.0,8.0,8.0,7.0
354,95,9.0,9.0,9.0,9.0,9.0
355,94,9.0,9.0,9.0,9.0,8.0
356,95,9.0,9.0,9.0,9.0,9.0
357,95,9.0,9.0,9.0,10.0,8.0
358,93,9.0,9.0,8.0,9.0,8.0
359,93,9.0,8.0,9.0,9.0,8.0
360,93,9.0,8.0,9.0,9.0,8.0
361,92,9.0,8.0,8.0,9.0,8.0
362,95,10.0,9.0,9.0,9.0,8.0
363,95,9.0,9.0,9.0,9.0,9.0
364,94,9.0,9.0,9.0,9.0,8.0
365,94,9.0,9.0,9.0,9.0,8.0
366,96,9.0,9.0,9.0,10.0,9.0
367,93,8.0,9.0,9.0,9.0,8.0
368,89,8.0,7.0,8.0,9.0,7.0
369,93,9.0,8.0,9.0,9.0,8.0
370,93,9.0,8.0,9.0,9.0,8.0
371,93,9.0,8.0,9.0,9.0,8.0
372,93,9.0,9.0,8.0,9.0,8.0
373,93,9.0,9.0,8.0,9.0,8.0
374,95,9.0,9.0,9.0,9.0,9.0
375,93,9.0,9.0,8.0,9.0,8.0
376,93,8.0,9.0,9.0,9.0,8.0
377,92,8.0,9.0,8.0,9.0,8.0
378,93,9.0,9.0,8.0,9.0,8.0
379,91,8.0,8.0,9.0,9.0,7.0
380,94,9.0,9.0,9.0,9.0,8.0
381,94,9.0,9.0,9.0,9.0,8.0
382,90,8.0,8.0,8.0,8.0,8.0
383,93,9.0,8.0,9.0,9.0,8.0
384,93,9.0,8.0,9.0,9.0,8.0
385,92,9.0,8.0,8.0,9.0,8.0
386,93,9.0,8.0,9.0,9.0,8.0
387,96,9.0,9.0,9.0,10.0,9.0
388,94,9.0,9.0,9.0,9.0,8.0
389,92,8.0,9.0,8.0,9.0,8.0
390,90,8.0,8.0,8.0,8.0,8.0
391,93,9.0,9.0,8.0,9.0,8.0
392,93,9.0,9.0,8.0,9.0,8.0
393,93,9.0,8.0,9.0,9.0,8.0
394,94,9.0,9.0,9.0,9.0,8.0
395,93,9.0,8.0,9.0,9.0,8.0
396,93,9.0,8.0,9.0,9.0,8.0
397,95,9.0,9.0,9.0,10.0,8.0
398,91,9.0,8.0,8.0,9.0,7.0
399,95,9.0,9.0,8.0,10.0,9.0
400,94,9.0,9.0,9.0,9.0,8.0
401,94,9.0,9.0,9.0,9.0,8.0
402,93,9.0,8.0,9.0,9.0,8.0
403,94,9.0,9.0,9.0,9.0,8.0
404,94,9.0,9.0,9.0,9.0,8.0
405,92,9.0,8.0,8.0,9.0,8.0
406,96,9.0,9.0,9.0,10.0,9.0
407,93,9.0,8.0,9.0,9.0,8.0
408,92,9.0,8.0,8.0,9.0,8.0
409,94,9.0,9.0,9.0,9.0,8.0
410,93,9.0,9.0,8.0,9.0,8.0
411,91,8.0,8.0,8.0,9.0,8.0
412,94,9.0,9.0,9.0,9.0,8.0
413,95,9.0,9.0,9.0,9.0,9.0
414,92,9.0,8.0,8.0,9.0,8.0
415,94,9.0,9.0,9.0,9.0,8.0
416,92,9.0,8.0,9.0,9.0,7.0
417,95,9.0,9.0,9.0,9.0,9.0
418,94,9.0,9.0,9.0,9.0,8.0
419,94,9.0,9.0,9.0,9.0,8.0
420,91,8.0,8.0,8.0,9.0,8.0
421,96,9.0,9.0,9.0,10.0,9.0
422,95,9.0,9.0,9.0,9.0,9.0
423,92,9.0,8.0,8.0,9.0,8.0
424,93,9.0,9.0,8.0,9.0,8.0
425,94,9.0,9.0,9.0,9.0,8.0
426,94,9.0,9.0,9.0,9.0,8.0
427,94,9.0,9.0,9.0,9.0,8.0
428,94,9.0,9.0,9.0,9.0,8.0
429,95,9.0,9.0,9.0,9.0,9.0
430,94,9.0,9.0,8.0,9.0,9.0
431,95,9.0,9.0,9.0,9.0,9.0
432,92,8.0,8.0,9.0,9.0,8.0
433,93,9.0,9.0,8.0,9.0,8.0
434,96,9.0,9.0,9.0,10.0,9.0
435,91,9.0,8.0,8.0,9.0,7.0
436,94,9.0,9.0,9.0,9.0,8.0
437,92,9.0,8.0,8.0,9.0,8.0
438,93,9.0,8.0,9.0,9.0,8.0
439,93,9.0,8.0,9.0,9.0,8.0
440,89,8.0,7.0,8.0,9.0,7.0
441,92,8.0,8.0,9.0,9.0,8.0
442,91,8.0,8.0,8.0,9.0,8.0
443,94,9.0,9.0,9.0,9.0,8.0
444,94,9.0,9.0,9.0,9.0,8.0
445,93,9.0,8.0,9.0,9.0,8.0
446,92,9.0,8.0,8.0,9.0,8.0
447,95,9.0,9.0,9.0,9.0,9.0
448,96,9.0,9.0,9.0,10.0,9.0
449,93,9.0,9.0,8.0,9.0,8.0
450,93,9.0,9.0,8.0,9.0,8.0
451,93,9.0,9.0,8.0,9.0,8.0
452,92,9.0,8.0,8.0,9.0,8.0
453,93,9.0,9.0,8.0,9.0,8.0
454,93,9.0,8.0,9.0,9.0,8.0
455,93,9.0,8.0,9.0,9.0,8.0
456,94,9.0,9.0,9.0,9.0,8.0
457,95,9.0,9.0,9.0,9.0,9.0
458,95,9.0,9.0,9.0,9.0,9.0
459,94,9.0,9.0,9.0,9.0,8.0
460,95,9.0,9.0,9.0,9.0,9.0
461,93,9.0,8.0,9.0,9.0,8.0
462,94,9.0,9.0,9.0,9.0,8.0
463,90,8.0,8.0,8.0,9.0,7.0
464,93,9.0,8.0,9.0,9.0,8.0
465,94,9.0,9.0,9.0,9.0,8.0
466,93,9.0,8.0,9.0,9.0,8.0
467,94,9.0,9.0,9.0,9.0,8.0
468,92,9.0,8.0,9.0,9.0,7.0
469,90,8.0,8.0,8.0,9.0,7.0
470,93,8.0,9.0,9.0,9.0,8.0
471,94,9.0,9.0,9.0,9.0,8.0
472,92,9.0,8.0,8.0,9.0,8.0
473,92,9.0,8.0,8.0,9.0,8.0
474,94,9.0,9.0,9.0,9.0,8.0
475,94,9.0,9.0,9.0,9.0,8.0
476,93,9.0,9.0,8.0,9.0,8.0
477,95,9.0,9.0,9.0,9.0,9.0
478,93,9.0,9.0,8.0,9.0,8.0
479,93,9.0,9.0,8.0,9.0,8.0
480,92,8.0,9.0,8.0,9.0,8.0
481,94,9.0,9.0,9.0,9.0,8.0
482,94,9.0,8.0,9.0,9.0,9.0
483,94,9.0,9.0,9.0,9.0,8.0
484,92,9.0,8.0,8.0,9.0,8.0
485,93,9.0,8.0,9.0,9.0,8.0
486,92,8.0,9.0,8.0,9.0,8.0
487,94,9.0,9.0,9.0,9.0,8.0
488,90,8.0,8.0,8.0,9.0,7.0
489,92,9.0,8.0,8.0,9.0,8.0
490,90,8.0,8.0,8.0,8.0,8.0
491,92,9.0,8.0,8.0,9.0,8.0
492,92,9.0,8.0,8.0,9.0,8.0
493,93,9.0,9.0,8.0,9.0,8.0
494,93,9.0,8.0,9.0,9.0,8.0
495,94,9.0,9.0,9.0,9.0,8.0
496,93,9.0,8.0,9.0,9.0,8.0
497,92,9.0,8.0,8.0,9.0,8.0
498,91,9.0,8.0,8.0,9.0,7.0
499,93,9.0,9.0,8.0,9.0,8.0
500,93,9.0,8.0,9.0,9.0,8.0
501,95,9.0,9.0,9.0,9.0,9.0
502,93,9.0,8.0,9.0,9.0,8.0
503,93,9.0,9.0,8.0,9.0,8.0
504,94,9.0,9.0,9.0,9.0,8.0
505,93,9.0,9.0,8.0,9.0,8.0
506,93,9.0,8.0,9.0,9.0,8.0
507,95,9.0,9.0,9.0,9.0,9.0
508,94,9.0,9.0,9.0,9.0,8.0
509,92,8.0,8.0,9.0,9.0,8.0
510,88,8.0,7.0,8.0,8.0,7.0
511,94,9.0,9.0,9.0,9.0,8.0
512,96,9.0,9.0,9.0,10.0,9.0
513,98,10.0,10.0,9.0,10.0,9.0
514,94,9.0,9.0,9.0,9.0,8.0
515,95,9.0,9.0,9.0,9.0,9.0
516,90,8.0,8.0,8.0,8.0,8.0
517,94,9.0,9.0,9.0,9.0,8.0
518,93,9.0,8.0,9.0,9.0,8.0
519,94,9.0,9.0,9.0,9.0,8.0
520,93,9.0,8.0,9.0,9.0,8.0
521,92,9.0,8.0,8.0,9.0,8.0
522,97,10.0,8.0,10.0,10.0,9.0
523,95,9.0,9.0,9.0,9.0,9.0
524,95,9.0,9.0,9.0,9.0,9.0
525,95,9.0,9.0,9.0,9.0,9.0
526,92,9.0,8.0,8.0,9.0,8.0
527,93,9.0,8.0,9.0,9.0,8.0
528,94,9.0,9.0,9.0,9.0,8.0
529,96,9.0,9.0,9.0,10.0,9.0
530,93,9.0,8.0,9.0,9.0,8.0
531,93,9.0,9.0,8.0,9.0,8.0
532,94,9.0,9.0,9.0,9.0,8.0
533,94,9.0,9.0,9.0,9.0,8.0
534,96,9.0,9.0,9.0,10.0,9.0
535,91,8.0,8.0,9.0,9.0,7.0
536,93,9.0,8.0,9.0,9.0,8.0
537,94,9.0,9.0,9.0,9.0,8.0
538,92,8.0,8.0,9.0,9.0,8.0
539,93,9.0,8.0,9.0,9.0,8.0
540,94,9.0,9.0,9.0,9.0,8.0
541,94,9.0,9.0,9.0,9.0,8.0
542,90,8.0,8.0,8.0,8.0,8.0
543,93,9.0,8.0,9.0,9.0,8.0
544,93,9.0,9.0,8.0,9.0,8.0
545,96,9.0,9.0,9.0,10.0,9.0
546,94,9.0,9.0,9.0,9.0,8.0
547,94,9.0,9.0,9.0,9.0,8.0
548,93,9.0,9.0,8.0,9.0,8.0
549,94,9.0,9.0,8.0,9.0,9.0
550,93,9.0,8.0,9.0,9.0,8.0
551,93,9.0,9.0,8.0,9.0,8.0
552,94,9.0,9.0,8.0,9.0,9.0
553,94,9.0,9.0,9.0,9.0,8.0
554,94,9.0,9.0,9.0,9.0,8.0
555,92,9.0,8.0,8.0,9.0,8.0
556,93,9.0,8.0,9.0,9.0,8.0
557,93,9.0,8.0,9.0,9.0,8.0
558,90,8.0,8.0,8.0,8.0,8.0
559,94,9.0,9.0,9.0,9.0,8.0
560,93,9.0,8.0,9.0,9.0,8.0
561,92,9.0,8.0,8.0,9.0,8.0
562,95,9.0,9.0,9.0,9.0,9.0
563,91,8.0,8.0,8.0,9.0,8.0
564,91,8.0,8.0,8.0,9.0,8.0
565,93,9.0,8.0,9.0,9.0,8.0
566,94,9.0,9.0,9.0,9.0,8.0
567,93,9.0,9.0,8.0,9.0,8.0
568,94,9.0,9.0,9.0,9.0,8.0
569,95,9.0,9.0,9.0,9.0,9.0
570,92,9.0,8.0,8.0,9.0,8.0
571,94,9.0,9.0,9.0,9.0,8.0
572,94,9.0,9.0,9.0,9.0,8.0
573,93,9.0,8.0,9.0,9.0,8.0
574,94,9.0,9.0,9.0,9.0,8.0
575,92,9.0,8.0,8.0,9.0,8.0
576,95,9.0,9.0,9.0,9.0,9.0
577,91,8.0,8.0,8.0,9.0,8.0
578,94,9.0,9.0,9.0,9.0,8.0
579,93,9.0,8.0,9.0,9.0,8.0
580,95,9.0,9.0,9.0,9.0,9.0
581,93,9.0,8.0,9.0,9.0,8.0
582,94,9.0,9.0,9.0,9.0,8.0
583,94,9.0,9.0,9.0,9.0,8.0
584,94,9.0,9.0,9.0,9.0,8.0
585,91,8.0,8.0,9.0,9.0,7.0
586,94,9.0,9.0,9.0,9.0,8.0
587,95,9.0,9.0,9.0,9.0,9.0
588,95,9.0,9.0,9.0,9.0,9.0
589,94,9.0,9.0,9.0,9.0,8.0
590,88,8.0,7.0,8.0,8.0,7.0
591,91,8.0,8.0,9.0,8.0,8.0
592,92,9.0,8.0,8.0,9.0,8.0
593,94,9.0,9.0,9.0,9.0,8.0
594,93,9.0,9.0,8.0,9.0,8.0
595,94,9.0,9.0,9.0,9.0,8.0
596,95,9.0,9.0,9.0,9.0,9.0
597,92,9.0,8.0,8.0,9.0,8.0
598,95,9.0,9.0,9.0,9.0,9.0
599,93,9.0,9.0,8.0,9.0,8.0
600,94,9.0,9.0,9.0,9.0,8.0
601,92,9.0,8.0,8.0,9.0,8.0
602,94,9.0,9.0,9.0,9.0,8.0
603,92,9.0,8.0,8.0,9.0,8.0
604,94,9.0,9.0,9.0,9.0,8.0
605,93,9.0,8.0,9.0,9.0,8.0
606,94,9.0,9.0,9.0,9.0,8.0
607,92,8.0,8.0,9.0,9.0,9.0
608,90,8.0,8.0,8.0,8.0,8.0
609,92,9.0,8.0,9.0,9.0,7.0
610,94,9.0,9.0,9.0,9.0,8.0
611,93,9.0,9.0,8.0,9.0,8.0
612,93,9.0,8.0,9.0,9.0,8.0
613,94,9.0,9.0,9.0,9.0,8.0
614,93,9.0,9.0,8.0,9.0,8.0
615,94,9.0,9.0,9.0,9.0,8.0
616,96,9.0,9.0,9.0,10.0,9.0
617,91,8.0,8.0,8.0,9.0,8.0
618,94,9.0,9.0,9.0,9.0,8.0
619,92,9.0,8.0,8.0,9.0,8.0
620,92,9.0,8.0,9.0,9.0,7.0
621,93,9.0,8.0,9.0,9.0,8.0
622,90,8.0,7.0,8.0,9.0,8.0
623,92,9.0,8.0,9.0,9.0,7.0
624,93,9.0,8.0,9.0,9.0,8.0
625,92,9.0,8.0,8.0,9.0,8.0
626,93,9.0,8.0,9.0,9.0,8.0
627,94,9.0,9.0,9.0,9.0,8.0
628,93,9.0,8.0,9.0,9.0,8.0
629,92,9.0,8.0,8.0,9.0,8.0
630,97,10.0,9.0,9.0,10.0,9.0
631,91,8.0,8.0,8.0,9.0,8.0
632,94,9.0,9.0,9.0,9.0,8.0
633,94,9.0,9.0,9.0,9.0,8.0
634,92,9.0,8.0,8.0,9.0,8.0
635,93,9.0,8.0,9.0,9.0,8.0
636,94,9.0,9.0,9.0,9.0,8.0
637,93,9.0,8.0,9.0,9.0,8.0
638,94,9.0,9.0,9.0,9.0,8.0
639,94,9.0,9.0,9.0,9.0,8.0
640,94,9.0,9.0,9.0,9.0,8.0
641,93,9.0,8.0,9.0,9.0,8.0
642,95,9.0,9.0,9.0,9.0,9.0
643,94,9.0,9.0,9.0,9.0,8.0
644,95,9.0,9.0,9.0,9.0,9.0
645,95,9.0,9.0,9.0,9.0,9.0
646,92,9.0,8.0,8.0,9.0,8.0
647,91,8.0,8.0,9.0,8.0,8.0
648,93,9.0,8.0,9.0,9.0,8.0
649,93,9.0,8.0,9.0,9.0,8.0
650,92,9.0,8.0,8.0,9.0,8.0
651,93,9.0,9.0,8.0,9.0,8.0
652,93,9.0,8.0,9.0,9.0,8.0
653,90,8.0,8.0,8.0,8.0,8.0
654,90,8.0,8.0,8.0,9.0,7.0
655,96,9.0,10.0,9.0,9.0,9.0
656,92,9.0,8.0,8.0,9.0,8.0
657,92,9.0,8.0,8.0,9.0,8.0
658,93,9.0,8.0,9.0,9.0,8.0
659,92,9.0,8.0,8.0,9.0,8.0
660,93,9.0,9.0,8.0,9.0,8.0
661,93,9.0,8.0,9.0,9.0,8.0
662,95,9.0,9.0,9.0,9.0,9.0
663,94,9.0,9.0,9.0,9.0,9.0
664,98,10.0,10.0,9.0,10.0,9.0
665,93,9.0,9.0,8.0,9.0,8.0
666,91,9.0,8.0,8.0,9.0,7.0
667,94,9.0,9.0,9.0,9.0,8.0
668,91,8.0,8.0,8.0,9.0,8.0
669,97,9.0,10.0,9.0,10.0,9.0
670,92,9.0,8.0,9.0,8.0,8.0
671,91,8.0,9.0,8.0,8.0,8.0
672,94,9.0,9.0,9.0,9.0,8.0
673,95,9.0,9.0,9.0,9.0,9.0
674,94,9.0,9.0,9.0,9.0,8.0
675,93,9.0,9.0,8.0,9.0,8.0
676,95,9.0,9.0,9.0,9.0,9.0
677,93,9.0,8.0,9.0,9.0,8.0
678,93,9.0,9.0,8.0,9.0,8.0
679,95,9.0,9.0,9.0,9.0,9.0
680,93,9.0,9.0,8.0,9.0,8.0
681,94,9.0,9.0,9.0,9.0,8.0
682,93,8.0,9.0,9.0,9.0,8.0
683,95,9.0,9.0,9.0,9.0,9.0
684,93,9.0,9.0,8.0,9.0,8.0
685,94,9.0,9.0,9.0,9.0,8.0
686,94,9.0,9.0,9.0,9.0,8.0
687,94,9.0,9.0,9.0,9.0,8.0
688,89,8.0,8.0,8.0,8.0,7.0
689,93,9.0,8.0,9.0,9.0,8.0
690,92,8.0,8.0,9.0,9.0,8.0
691,93,9.0,8.0,9.0,9.0,8.0
692,94,9.0,9.0,9.0,9.0,8.0
693,94,9.0,9.0,9.0,9.0,8.0
694,92,9.0,8.0,8.0,9.0,8.0
695,92,9.0,8.0,8.0,9.0,8.0
696,92,9.0,8.0,8.0,9.0,8.0
697,94,9.0,9.0,9.0,9.0,8.0
698,93,9.0,8.0,9.0,9.0,8.0
699,96,9.0,9.0,9.0,10.0,9.0
700,94,9.0,9.0,9.0,9.0,8.0
701,91,8.0,8.0,8.0,9.0,8.0
702,92,9.0,8.0,8.0,9.0,8.0
703,93,9.0,8.0,9.0,9.0,8.0
704,90,8.0,8.0,8.0,9.0,7.0
705,93,9.0,8.0,9.0,9.0,8.0
706,93,9.0,8.0,9.0,9.0,8.0
707,93,9.0,8.0,9.0,9.0,8.0
708,92,8.0,8.0,9.0,9.0,8.0
709,94,9.0,9.0,9.0,9.0,8.0
710,95,9.0,9.0,9.0,9.0,9.0
711,94,9.0,9.0,9.0,9.0,8.0
712,94,9.0,9.0,9.0,9.0,8.0
713,93,9.0,8.0,9.0,9.0,8.0
714,91,9.0,8.0,8.0,9.0,7.0
715,92,9.0,8.0,8.0,9.0,8.0
716,95,9.0,9.0,9.0,9.0,9.0
717,92,9.0,8.0,8.0,9.0,8.0
718,95,9.0,9.0,9.0,9.0,9.0
719,93,9.0,9.0,8.0,9.0,8.0
720,92,9.0,9.0,8.0,9.0,7.0
721,94,9.0,9.0,9.0,9.0,8.0
722,96,9.0,9.0,9.0,10.0,9.0
723,95,9.0,9.0,9.0,9.0,9.0
724,93,9.0,8.0,9.0,9.0,8.0
725,95,9.0,9.0,9.0,9.0,9.0
726,94,9.0,9.0,9.0,9.0,8.0
727,93,9.0,9.0,8.0,9.0,8.0
728,95,9.0,9.0,9.0,9.0,9.0
729,95,9.0,9.0,9.0,9.0,9.0
730,93,9.0,8.0,9.0,9.0,8.0
731,94,9.0,9.0,9.0,9.0,8.0
732,94,9.0,9.0,9.0,9.0,8.0
733,92,8.0,8.0,9.0,9.0,8.0
734,93,9.0,9.0,8.0,9.0,8.0
735,94,9.0,9.0,9.0,9.0,8.0
736,95,9.0,9.0,9.0,9.0,9.0
737,94,9.0,9.0,9.0,9.0,8.0
738,93,9.0,8.0,9.0,9.0,8.0
739,95,9.0,9.0,9.0,9.0,9.0
740,90,8.0,8.0,8.0,8.0,8.0
741,95,9.0,9.0,9.0,9.0,9.0
742,95,9.0,9.0,9.0,9.0,9.0
743,92,9.0,8.0,9.0,9.0,8.0
744,95,9.0,9.0,9.0,9.0,9.0
745,94,9.0,9.0,9.0,9.0,8.0
746,94,9.0,9.0,9.0,9.0,8.0
747,92,9.0,7.0,9.0,9.0,8.0
748,92,8.0,8.0,9.0,9.0,8.0
749,95,9.0,9.0,9.0,9.0,9.0
750,94,9.0,9.0,9.0,9.0,8.0
751,90,8.0,8.0,8.0,8.0,8.0
752,93,9.0,9.0,8.0,9.0,8.0
753,92,9.0,8.0,8.0,9.0,8.0
754,95,9.0,9.0,9.0,9.0,9.0
755,93,9.0,9.0,9.0,9.0,8.0
756,94,9.0,9.0,9.0,9.0,8.0
757,95,9.0,9.0,9.0,9.0,9.0
758,93,9.0,8.0,9.0,9.0,8.0
759,92,9.0,8.0,8.0,9.0,8.0
760,94,9.0,9.0,9.0,9.0,8.0
761,95,9.0,9.0,9.0,9.0,9.0
762,96,9.0,9.0,9.0,10.0,9.0
763,93,9.0,9.0,8.0,9.0,8.0
764,93,9.0,9.0,8.0,9.0,8.0
765,92,8.0,9.0,8.0,9.0,8.0
766,94,9.0,9.0,9.0,9.0,8.0
767,94,9.0,9.0,9.0,9.0,8.0
768,95,9.0,9.0,9.0,9.0,9.0
769,95,9.0,9.0,9.0,9.0,9.0
770,92,9.0,8.0,9.0,9.0,7.0
771,94,9.0,9.0,9.0,9.0,8.0
772,92,8.0,8.0,9.0,9.0,8.0
773,93,9.0,9.0,8.0,9.0,8.0
774,94,9.0,9.0,9.0,9.0,8.0
775,92,9.0,8.0,8.0,9.0,8.0
776,94,9.0,9.0,9.0,9.0,8.0
777,93,9.0,8.0,9.0,9.0,8.0
778,96,9.0,9.0,9.0,10.0,9.0
779,89,8.0,7.0,8.0,9.0,7.0
780,94,9.0,9.0,9.0,9.0,8.0
781,94,9.0,9.0,9.0,9.0,8.0
782,94,9.0,9.0,9.0,9.0,8.0
783,93,9.0,9.0,8.0,9.0,8.0
784,92,9.0,8.0,8.0,9.0,8.0
785,94,9.0,8.0,9.0,9.0,9.0
786,94,9.0,9.0,9.0,9.0,8.0
787,94,9.0,9.0,9.0,9.0,8.0
788,93,9.0,8.0,9.0,9.0,8.0
789,91,9.0,8.0,8.0,9.0,7.0
790,92,9.0,8.0,8.0,9.0,8.0
791,92,9.0,8.0,8.0,9.0,8.0
792,94,9.0,9.0,9.0,9.0,8.0
793,95,9.0,9.0,9.0,9.0,9.0
794,93,9.0,8.0,9.0,9.0,8.0
795,94,9.0,9.0,9.0,9.0,8.0
796,93,9.0,9.0,8.0,9.0,8.0
797,95,9.0,9.0,9.0,9.0,9.0
798,94,9.0,9.0,9.0,9.0,8.0
799,92,9.0,8.0,8.0,9.0,8.0
800,94,9.0,9.0,9.0,9.0,8.0
801,93,9.0,9.0,8.0,9.0,8.0
802,93,9.0,8.0,9.0,9.0,8.0
803,93,9.0,9.0,8.0,9.0,8.0
804,93,9.0,9.0,8.0,9.0,8.0
805,93,9.0,8.0,9.0,9.0,8.0
806,92,9.0,8.0,8.0,9.0,8.0
807,94,9.0,9.0,9.0,9.0,8.0
808,91,8.0,8.0,9.0,9.0,7.0
809,94,9.0,9.0,9.0,9.0,8.0
810,94,9.0,9.0,9.0,9.0,8.0
811,93,9.0,8.0,9.0,9.0,8.0
812,93,9.0,8.0,9.0,9.0,8.0
813,96,9.0,9.0,9.0,10.0,9.0
814,93,9.0,8.0,9.0,9.0,8.0
815,93,9.0,8.0,9.0,9.0,8.0
816,93,9.0,8.0,9.0,9.0,8.0
817,94,9.0,9.0,9.0,9.0,8.0
818,93,9.0,9.0,8.0,9.0,8.0
819,95,9.0,9.0,9.0,9.0,9.0
820,93,9.0,9.0,8.0,9.0,8.0
821,92,8.0,8.0,9.0,9.0,8.0
822,94,9.0,9.0,9.0,9.0,8.0
823,95,9.0,9.0,9.0,10.0,8.0
824,94,9.0,9.0,9.0,9.0,8.0
825,90,8.0,8.0,8.0,8.0,8.0
826,92,9.0,8.0,8.0,9.0,8.0
827,94,9.0,8.0,9.0,9.0,9.0
828,94,9.0,9.0,9.0,9.0,8.0
829,94,9.0,9.0,9.0,9.0,8.0
830,92,9.0,8.0,8.0,9.0,8.0
831,94,9.0,9.0,9.0,9.0,8.0
832,96,9.0,9.0,9.0,10.0,9.0
833,93,9.0,9.0,8.0,9.0,8.0
834,94,9.0,9.0,9.0,9.0,8.0
835,93,9.0,8.0,9.0,9.0,8.0
836,95,9.0,9.0,9.0,9.0,9.0
837,90,9.0,8.0,8.0,8.0,7.0
838,93,9.0,9.0,8.0,9.0,8.0
839,93,9.0,8.0,9.0,9.0,8.0
840,90,8.0,8.0,8.0,9.0,7.0
841,93,9.0,9.0,8.0,9.0,8.0
842,93,9.0,9.0,8.0,9.0,8.0
843,94,9.0,9.0,9.0,9.0,8.0
844,93,9.0,9.0,8.0,9.0,8.0
845,94,9.0,9.0,8.0,9.0,9.0
846,95,9.0,9.0,9.0,9.0,9.0
847,93,9.0,9.0,8.0,9.0,8.0
848,94,9.0,9.0,9.0,9.0,8.0
849,92,8.0,8.0,9.0,9.0,8.0
850,95,9.0,9.0,9.0,9.0,9.0
851,92,9.0,8.0,8.0,9.0,8.0
852,92,9.0,8.0,8.0,9.0,8.0
853,92,9.0,8.0,8.0,9.0,8.0
854,92,9.0,8.0,8.0,9.0,8.0
855,94,9.0,9.0,9.0,9.0,8.0
856,92,9.0,8.0,8.0,9.0,8.0
857,93,9.0,9.0,8.0,9.0,8.0
858,93,9.0,8.0,9.0,9.0,8.0
859,93,9.0,9.0,8.0,9.0,8.0
860,94,9.0,9.0,9.0,9.0,8.0
861,94,9.0,9.0,8.0,9.0,9.0
862,93,9.0,8.0,9.0,9.0,8.0
863,94,9.0,9.0,9.0,9.0,8.0
864,94,9.0,9.0,9.0,9.0,8.0
865,95,9.0,9.0,9.0,9.0,9.0
866,92,9.0,8.0,9.0,8.0,7.0
867,93,9.0,9.0,8.0,9.0,8.0
868,93,9.0,8.0,9.0,9.0,8.0
869,94,9.0,9.0,9.0,9.0,8.0
870,94,9.0,9.0,9.0,9.0,8.0
871,93,9.0,9.0,8.0,9.0,8.0
872,93,9.0,8.0,9.0,9.0,8.0
873,94,9.0,9.0,9.0,9.0,8.0
874,95,9.0,9.0,9.0,9.0,9.0
875,94,9.0,9.0,9.0,9.0,8.0
876,98,10.0,10.0,9.0,10.0,9.0
877,96,9.0,9.0,9.0,10.0,9.0
878,93,9.0,8.0,9.0,9.0,8.0
879,93,9.0,8.0,9.0,9.0,8.0
880,93,9.0,8.0,9.0,9.0,8.0
881,94,9.0,9.0,9.0,9.0,8.0
882,90,8.0,8.0,8.0,8.0,8.0
883,92,9.0,8.0,8.0,9.0,8.0
884,94,9.0,8.0,9.0,9.0,9.0
885,93,9.0,9.0,8.0,9.0,8.0
886,93,9.0,9.0,8.0,9.0,8.0
887,96,9.0,9.0,9.0,10.0,9.0
888,95,9.0,9.0,9.0,9.0,9.0
889,94,9.0,9.0,9.0,9.0,8.0
890,93,9.0,9.0,8.0,9.0,8.0
891,87,7.0,7.0,8.0,8.0,7.0
892,95,9.0,9.0,9.0,9.0,9.0
893,95,9.0,9.0,9.0,9.0,9.0
894,94,9.0,9.0,9.0,9.0,8.0
895,96,9.0,9.0,9.0,10.0,9.0
896,92,9.0,8.0,8.0,9.0,8.0
897,94,9.0,9.0,9.0,9.0,8.0
898,92,9.0,8.0,8.0,9.0,8.0
899,91,8.0,8.0,8.0,9.0,8.0
900,94,9.0,9.0,9.0,9.0,8.0
901,94,9.0,9.0,9.0,9.0,8.0
902,92,9.0,8.0,8.0,9.0,8.0
903,93,9.0,8.0,9.0,9.0,8.0
904,93,9.0,8.0,9.0,9.0,8.0
905,95,9.0,9.0,9.0,9.0,9.0
906,93,9.0,8.0,8.0,9.0,8.0
907,94,9.0,9.0,9.0,9.0,8.0
908,94,9.0,9.0,9.0,9.0,8.0
909,95,9.0,9.0,9.0,9.0,9.0
910,94,9.0,9.0,9.0,9.0,8.0
911,88,8.0,7.0,8.0,8.0,7.0
912,94,9.0,9.0,9.0,9.0,8.0
913,94,9.0,8.0,9.0,9.0,8.0
914,96,9.0,9.0,9.0,10.0,9.0
915,94,9.0,9.0,9.0,9.0,8.0
916,94,9.0,8.0,9.0,9.0,9.0
917,95,9.0,9.0,9.0,9.0,9.0
918,95,9.0,9.0,9.0,10.0,8.0
919,95,9.0,9.0,9.0,9.0,9.0
920,92,9.0,8.0,9.0,9.0,8.0
921,92,8.0,8.0,9.0,9.0,8.0
922,93,9.0,8.0,9.0,9.0,8.0
923,94,9.0,9.0,9.0,9.0,8.0
924,95,9.0,9.0,9.0,9.0,9.0
925,93,9.0,9.0,8.0,9.0,8.0
926,90,8.0,8.0,8.0,9.0,7.0
927,93,9.0,8.0,9.0,9.0,8.0
928,94,9.0,9.0,9.0,9.0,8.0
929,94,9.0,9.0,9.0,9.0,8.0
930,93,9.0,9.0,8.0,9.0,8.0
931,95,9.0,9.0,9.0,9.0,9.0
932,89,8.0,8.0,8.0,8.0,7.0
933,94,9.0,9.0,9.0,9.0,8.0
934,93,9.0,8.0,9.0,9.0,8.0
935,92,9.0,8.0,8.0,9.0,8.0
936,91,8.0,8.0,9.0,9.0,7.0
937,94,9.0,9.0,9.0,9.0,8.0
938,93,9.0,8.0,9.0,9.0,8.0
939,95,9.0,9.0,9.0,9.0,9.0
940,94,9.0,9.0,9.0,9.0,8.0
941,91,8.0,8.0,8.0,9.0,8.0
942,95,9.0,9.0,9.0,9.0,9.0
943,93,9.0,8.0,9.0,9.0,8.0
944,93,9.0,8.0,9.0,9.0,8.0
945,95,9.0,9.0,9.0,9.0,9.0
946,92,9.0,8.0,8.0,9.0,8.0
947,97,10.0,9.0,9.0,10.0,9.0
948,92,9.0,8.0,8.0,9.0,8.0
949,92,8.0,8.0,9.0,9.0,8.0
950,94,9.0,9.0,9.0,9.0,8.0
951,94,9.0,9.0,9.0,9.0,8.0
952,94,9.0,9.0,9.0,9.0,8.0
953,93,9.0,9.0,8.0,9.0,8.0
954,95,9.0,9.0,9.0,9.0,9.0
955,93,9.0,9.0,8.0,9.0,8.0
956,92,8.0,8.0,9.0,9.0,8.0
957,93,9.0,9.0,8.0,9.0,8.0
958,95,9.0,9.0,9.0,9.0,9.0
959,94,9.0,9.0,9.0,9.0,8.0
960,94,9.0,9.0,9.0,9.0,8.0
961,94,9.0,9.0,9.0,9.0,8.0
962,92,9.0,8.0,8.0,9.0,8.0
963,94,9.0,9.0,9.0,9.0,8.0
964,93,9.0,9.0,8.0,9.0,8.0
965,94,9.0,9.0,9.0,9.0,8.0
966,92,9.0,8.0,8.0,9.0,8.0
967,95,9.0,9.0,9.0,9.0,9.0
968,93,9.0,9.0,8.0,9.0,8.0
969,94,9.0,9.0,9.0,9.0,8.0
970,96,9.0,9.0,9.0,10.0,9.0
971,93,9.0,8.0,9.0,9.0,8.0
972,94,9.0,9.0,9.0,9.0,8.0
973,94,9.0,9.0,9.0,9.0,8.0
974,93,9.0,8.0,9.0,9.0,8.0
975,94,9.0,8.0,9.0,9.0,8.0
976,94,9.0,9.0,9.0,9.0,8.0
977,95,9.0,9.0,9.0,9.0,9.0
978,94,9.0,9.0,9.0,9.0,8.0
979,92,9.0,8.0,8.0,9.0,8.0
980,92,9.0,8.0,9.0,9.0,7.0
981,93,9.0,9.0,8.0,9.0,8.0
982,93,9.0,9.0,8.0,9.0,8.0
983,92,9.0,8.0,8.0,9.0,8.0
984,95,9.0,9.0,9.0,9.0,9.0
985,96,9.0,9.0,9.0,10.0,9.0
986,89,8.0,8.0,8.0,8.0,7.0
987,93,8.0,9.0,9.0,9.0,8.0
988,92,9.0,8.0,8.0,9.0,8.0
989,94,9.0,8.0,9.0,9.0,9.0
990,94,9.0,9.0,9.0,9.0,8.0
991,94,9.0,9.0,9.0,9.0,8.0
992,93,9.0,8.0,9.0,9.0,8.0
993,94,9.0,9.0,9.0,9.0,8.0
994,95,9.0,9.0,9.0,9.0,9.0
995,90,8.0,8.0,8.0,9.0,7.0
996,95,9.0,9.0,9.0,9.0,9.0
997,92,9.0,8.0,8.0,9.0,8.0
998,92,9.0,8.0,8.0,9.0,8.0
999,94,9.0,9.0,9.0,9.0,8.0
1000,94,9.0,9.0,9.0,9.0,8.0
